f2cc7b0f4c671a4b8044887c2071554e5ef933714089d8f475c097d53983646c	approved/[qb]/01_IDENTITY & SPAWN/nc-multicharacter/config.lua
66c06e035c0e09b24620c1ab78c7fc559f18f5e98cd2a9ee183e6b2eb0048c04	approved/[qb]/01_IDENTITY & SPAWN/nc-multicharacter/fxmanifest.lua
079565a55aa6f38c173ff04f3f2537a120fdade9cbdc36290d70e8eaa1c3da26	approved/[qb]/01_IDENTITY & SPAWN/nc-multicharacter/ReadMe.txt
c0e4da0815669ae1a43aacb29762f1bb31e76f44d6de084064e7c26d16aff1bc	approved/[qb]/01_IDENTITY & SPAWN/nc-multicharacter/client/main.lua
0ddcae12fdabfa43b90c31f62b03dc23fe3d72ae3257a874186f1ea9c5128b6d	approved/[qb]/01_IDENTITY & SPAWN/nc-multicharacter/html/index.html
d43df0379d4a5b6c50eb07924af60091757d506429cb739616b499cb11fc6a41	approved/[qb]/01_IDENTITY & SPAWN/nc-multicharacter/html/css/reset.css
44ea9aa37879d283cb94e30ded86802b70c29c5f6bcbddbbb05184a9e2af1113	approved/[qb]/01_IDENTITY & SPAWN/nc-multicharacter/html/css/style.css
35f62d88b00986c7158926d07ae80638d4d083aa2fb4280d19ff92d267e8a232	approved/[qb]/01_IDENTITY & SPAWN/nc-multicharacter/html/image/action_dot.gif
a67dffa68352430757b3032cf42a4606eba354f507a6142a2ed8d7a6456d856b	approved/[qb]/01_IDENTITY & SPAWN/nc-multicharacter/html/image/action_key.png
842ddd22ab35c6d9d1e80f1cc8ada05c6b226878f469cdbbd35929ddabb05407	approved/[qb]/01_IDENTITY & SPAWN/nc-multicharacter/html/js/materialize.js
6ed1641275ecfa2f70169b518445645d390b559a465154561d84178cfe9fff5e	approved/[qb]/01_IDENTITY & SPAWN/nc-multicharacter/html/js/script.js
0c0db6b7785a9f4a93b8c0b8bad8e837f3aaa85ee575974261cf204648fe3a13	approved/[qb]/01_IDENTITY & SPAWN/nc-multicharacter/locales/en.lua
f2cc7b0f4c671a4b8044887c2071554e5ef933714089d8f475c097d53983646c	approved/[qb]/01_IDENTITY & SPAWN/nc-multicharacter/nc-multicharacter/config.lua
e4e6ca12088367a18b4d1336315ccc8b066a53cf3c3819c8dc12a81177ae3965	approved/[qb]/01_IDENTITY & SPAWN/nc-multicharacter/nc-multicharacter/fxmanifest.lua
079565a55aa6f38c173ff04f3f2537a120fdade9cbdc36290d70e8eaa1c3da26	approved/[qb]/01_IDENTITY & SPAWN/nc-multicharacter/nc-multicharacter/ReadMe.txt
c0e4da0815669ae1a43aacb29762f1bb31e76f44d6de084064e7c26d16aff1bc	approved/[qb]/01_IDENTITY & SPAWN/nc-multicharacter/nc-multicharacter/client/main.lua
13333ec2e072d2ef2d57af9e89e7900ca82b6ff1d95461cf795eca30a47c26bb	approved/[qb]/01_IDENTITY & SPAWN/nc-multicharacter/nc-multicharacter/html/index.html
d43df0379d4a5b6c50eb07924af60091757d506429cb739616b499cb11fc6a41	approved/[qb]/01_IDENTITY & SPAWN/nc-multicharacter/nc-multicharacter/html/css/reset.css
36b62c9932d06faa0578037b5583e18aa7119b035f0566dc85e6359025a14282	approved/[qb]/01_IDENTITY & SPAWN/nc-multicharacter/nc-multicharacter/html/css/style.css
cedcac9585bed1472d8850c72a20f03b1afdafc43763ecc7f07728025466b704	approved/[qb]/01_IDENTITY & SPAWN/nc-multicharacter/nc-multicharacter/html/css/stylesheet.css
35f62d88b00986c7158926d07ae80638d4d083aa2fb4280d19ff92d267e8a232	approved/[qb]/01_IDENTITY & SPAWN/nc-multicharacter/nc-multicharacter/html/image/action_dot.gif
a67dffa68352430757b3032cf42a4606eba354f507a6142a2ed8d7a6456d856b	approved/[qb]/01_IDENTITY & SPAWN/nc-multicharacter/nc-multicharacter/html/image/action_key.png
842ddd22ab35c6d9d1e80f1cc8ada05c6b226878f469cdbbd35929ddabb05407	approved/[qb]/01_IDENTITY & SPAWN/nc-multicharacter/nc-multicharacter/html/js/materialize.js
6ed1641275ecfa2f70169b518445645d390b559a465154561d84178cfe9fff5e	approved/[qb]/01_IDENTITY & SPAWN/nc-multicharacter/nc-multicharacter/html/js/script.js
0c0db6b7785a9f4a93b8c0b8bad8e837f3aaa85ee575974261cf204648fe3a13	approved/[qb]/01_IDENTITY & SPAWN/nc-multicharacter/nc-multicharacter/locales/en.lua
5417c830c718c04f1853b35df773a3859c236870d3e487c8230b0f89b4427596	approved/[qb]/01_IDENTITY & SPAWN/nc-multicharacter/nc-multicharacter/server/main.lua
fb0076935fc2728bdfde779efc146c42da31bcc831f1b9da9667b0644b1e495e	approved/[qb]/01_IDENTITY & SPAWN/nc-multicharacter/server/main.lua
