5bc4c8eb9527dfe5cfd12e65a7861010cb983095bdb1ace9e3781a5655d68936	quarantine/under-review/pma-voice/.gitignore
712fe5d5fd8fa231bf636fa9e698193e2335c057975a67fad382eee04a8b3275	quarantine/under-review/pma-voice/fxmanifest.lua
554980c62824a49613dd27ea2f5e0be18d05846dd3be6393195cdec85ce9dfa0	quarantine/under-review/pma-voice/LICENSE
37df09d7307b3b6a8f37df0c7c7c5e9c57a61e84d8ea0f1412c449f2433ba551	quarantine/under-review/pma-voice/README.md
a231604efd33586e258aa558d2caef0923f6467a1e9b1f5604fe4b6e068891e0	quarantine/under-review/pma-voice/shared.lua
36aec22e07df93bf08c65f0658ce9bbac093e7561c6fe639920521d6f47c5de3	quarantine/under-review/pma-voice/TODO.md
d34ac0ba45b0e57c0a777e94ed3949d23919eca89c7266775cddc279d8d94c81	quarantine/under-review/pma-voice/.github/ISSUE_TEMPLATE/bug_report.md
9248ad81d986b703da06519d5ebd3d4a26f339f71bee2d131b0a5d9a6be1e741	quarantine/under-review/pma-voice/client/commands.lua
171fd77d1a172fb6c7985aa3d7bec14f9f8664f630686fa25ca423a0a269d0f7	quarantine/under-review/pma-voice/client/events.lua
f5e41c52776151fdf8c91225fe26886854d337b9a5e2c0b757a89425a612bcad	quarantine/under-review/pma-voice/client/init/init.lua
6a48416c422e53e7e5b5a59b0dfa085fe248407650a38160aa62df4ddbda1de1	quarantine/under-review/pma-voice/client/init/main.lua
2b174d0d30dbff8db9d292fa8c634422157b0c5ffb6b58980d4167ee6d49c717	quarantine/under-review/pma-voice/client/init/proximity.lua
22f1db639aba5ef6912163944ce7ae13fd257b63e7351916f74a8549d005ba07	quarantine/under-review/pma-voice/client/module/phone.lua
e046dc5b1b3bf006805c87a66702560481c00da187f053c1c6b7ffefe60132bc	quarantine/under-review/pma-voice/client/module/radio.lua
2f8457fc953e25d67793f77bb99de5012bccad39f564c6ef6f26a69b6bbeaa2b	quarantine/under-review/pma-voice/client/utils/Nui.lua
873c80a09582cf2e2de881ed666522cce7ba4b5b1b8c78c8d1f58a1610fd23c3	quarantine/under-review/pma-voice/docs/routingBuckets.md
9f19d69852012017cef3f27c6c691df4753c1cbae12ae60ecca68498d48b1cbb	quarantine/under-review/pma-voice/docs/_config.yml
6aec69fd421daab85d3d01c67ccfd70ed3db78636de7bc3b2e3f7dd45fc0b925	quarantine/under-review/pma-voice/docs/client-getters/events.md
b0afa45b59ef7b2b40c28c40f4690f8ef5d7f56825ce36f47ffb01b1e7cb34c9	quarantine/under-review/pma-voice/docs/client-setters/removePlayerFromCall.md
f3a0ce611aa4d7eb12b6a3abbadb34dd5ddf710c07913b51a7843888f7293f60	quarantine/under-review/pma-voice/docs/client-setters/removePlayerFromRadio.md
8014c5e513b8a9e66223dcf14df5887bb28ec992991a804720e66a80d11f1b52	quarantine/under-review/pma-voice/docs/client-setters/setCallChannel.md
b9253284ae82ca6abd4ba18915660258d901394cedaad1b35cf7790a9defcf6f	quarantine/under-review/pma-voice/docs/client-setters/setCallVolume.md
e6da0980cb7b0047fed5b7fcd168c738b89e266fcc7638304a9b98ba7024ad90	quarantine/under-review/pma-voice/docs/client-setters/setRadioChannel.md
2516c75dcc2fd244700132b951d6d1cca5d188f7d86751c91d9a2f37f4724154	quarantine/under-review/pma-voice/docs/client-setters/setRadioVolume.md
5bd2eae331d2ffa5c13f33a3bcbfd8b9564e11e11be9b7fd7610991eb1c59229	quarantine/under-review/pma-voice/docs/client-setters/setVoiceProperty.md
ba9406d11d80ecf4d414f3281b6b02fa67c6c1bb2563736f22af402281218eee	quarantine/under-review/pma-voice/docs/server-getters/getPlayersInRadioChannel.md
3fae26de426c9de7b9eba5aa28b9ee68336b1bbf87e6e69b287e5b4806c3803b	quarantine/under-review/pma-voice/docs/server-setters/addChannelCheck.md
2ec7cc1e208c1a86b20333491cd5fcf8e1b4023e484937d64245ce5eb486005f	quarantine/under-review/pma-voice/docs/server-setters/setPlayerCall.md
e0546f529ec82d2051bb19e1d9d432881ca32bc12cd200af19276b3b9c9caca7	quarantine/under-review/pma-voice/docs/server-setters/setPlayerRadio.md
f5497d09cae228a415139340909ae48b3051d55f7e00b8a39bc02fb8b4655614	quarantine/under-review/pma-voice/docs/state-getters/stateBagGetters.md
8d57f0c9afc459c6698733ec23fc8a591ebdec01f7827923df1f43d0fa2fccb7	quarantine/under-review/pma-voice/server/main.lua
9e46e3efbd27674cd6e1d1d11dfe776304e634327bdef42d9d5a81de10d68968	quarantine/under-review/pma-voice/server/mute.js
947028f40e21cf0e8b181ece197720a45474e8884c3e8220e1d7d0f18cbd16b5	quarantine/under-review/pma-voice/server/module/phone.lua
b89c8cfd3ce5acf352273b007275337d851a545aab855ffb1bbbffc5a06a5c8c	quarantine/under-review/pma-voice/server/module/radio.lua
e7ba6ab495eb978a905d7487972153757eec1a51519225682adab9d94a0fe518	quarantine/under-review/pma-voice/ui/index.html
45ccc7045d9cdde164a2366c61bbd7d3bfb30114fb6531387ef8b80de52479fe	quarantine/under-review/pma-voice/ui/mic_click_off.ogg
94604476cf541d1693754640a8dea3c33cf9d66d8711359853cbf7503612cdb4	quarantine/under-review/pma-voice/ui/mic_click_on.ogg
6bcb5bad707ec820849bb771f4fc785f2f6319d676b0c2bfce7f44455621a5c5	quarantine/under-review/pma-voice/ui/css/app.css
307c742e8a052fbdecbc9134da456d1f4f333e0148de75124c3f41ecea3ae174	quarantine/under-review/pma-voice/ui/js/app.js
4a4d124742a941f4c6b874d6d518afa01fbb6dffd1114b9dbc37c54ddd86dab8	quarantine/under-review/pma-voice/ui/js/app.js.map
19b1d70f16cdb8f244dff76b42f2f6c51e592a31070fa955f3b29f83d424aad7	quarantine/under-review/pma-voice/ui/js/chunk-vendors.js
c779118572e0bb22bf2626e7a8b6d02dd7150625d796cdc6d26be425c4bef59c	quarantine/under-review/pma-voice/ui/js/chunk-vendors.js.map
090642394a16d771ce319185924472eccac85239e3d3e6fd10f705138e1b430f	quarantine/under-review/pma-voice/voice-ui/.browserslistrc
3f802a1cbbab09b6ac6e767bccf18c570844f429916c9265efbc536096df2ec0	quarantine/under-review/pma-voice/voice-ui/.gitignore
3e9eacd9013b5c4ce3a71e8d1d84fbb78ebe79a68855a6de54d3a16670bbf8e0	quarantine/under-review/pma-voice/voice-ui/babel.config.js
5064c38604f0e989570912225cda6258dff6c0dec73bee50815718cb82ef0493	quarantine/under-review/pma-voice/voice-ui/package.json
addf4fc0c8292f576295bff25b338ecb8ad5a5a1f7071cc9b73b27926fc5ca92	quarantine/under-review/pma-voice/voice-ui/pnpm-lock.yaml
de202b94ef15e6a544f8626ee1f34da1f0df0ce210545fd17f4eb3b3fd5f9d07	quarantine/under-review/pma-voice/voice-ui/README.md
0538206c6ab63776e74a3bf132484382b3eb5d86f3930ca462d84f833db6d2b5	quarantine/under-review/pma-voice/voice-ui/vue.config.js
a4483b84b3a7fc11f4273c32dce66c418f4a13837bf9c34c2c5b5a43a1bcb24e	quarantine/under-review/pma-voice/voice-ui/public/index.html
45ccc7045d9cdde164a2366c61bbd7d3bfb30114fb6531387ef8b80de52479fe	quarantine/under-review/pma-voice/voice-ui/public/mic_click_off.ogg
94604476cf541d1693754640a8dea3c33cf9d66d8711359853cbf7503612cdb4	quarantine/under-review/pma-voice/voice-ui/public/mic_click_on.ogg
3aba300ea0a5e351ccf972ca3e583a636e1029ada8191ac188e738c2da96f73a	quarantine/under-review/pma-voice/voice-ui/src/App.vue
50cb9f18b1c7115799ae456f0d0038840278b49ea520b5549d468ec76c248fb9	quarantine/under-review/pma-voice/voice-ui/src/main.js
