C:\script_ver\quarantine\under-review\qb-radialmenu\client_menu.lua	20447	71898129A37BFD8CFD78EE6B3155F16C6584F153A25C6EA8A127EC6336D90DC8
C:\script_ver\quarantine\under-review\qb-radialmenu\config.lua	34301	3A344A18262AED900C02AE7784612ECAB86451CB2F02553CE741F3EEB85649B9
C:\script_ver\quarantine\under-review\qb-radialmenu\fxmanifest.lua	367	79328BDC5DF534E149227D46C36D8ECB03D7499A8DF82A5B9A92AD8C25D38D23
C:\script_ver\quarantine\under-review\qb-radialmenu\sv_main.lua	1754	D20ED0990E8B8E5EDF164B48A7EE4B086FB95B5EE4CB4F5D793544C3A10EC9F6
C:\script_ver\quarantine\under-review\qb-radialmenu\utils.lua	3623	64EBDE1AE4E69906474DA474316F3F23EFA99BC8C57190AB6B11F309C404E8FE
C:\script_ver\quarantine\under-review\qb-radialmenu\client\cl_events.lua	15700	DD8189DE0BFD48469E490775CECE2F8C040022F5EA7D5D6B54FC9DCD984A28BB
C:\script_ver\quarantine\under-review\qb-radialmenu\client\cl_main.lua	7063	0961467B7F0F108495F15B5C7784884E9F9D1F687F732CE2AC47CFAE6FF9A6F8
C:\script_ver\quarantine\under-review\qb-radialmenu\html\ui.html	20472	0C7FB1011CC82A6EECC3B51B922460F6B60498E2570F7D454A3079DFC8319AEA
C:\script_ver\quarantine\under-review\qb-radialmenu\html\css\all.min.css	56517	7DD70534588132B35F58BE8E700190CFA8C380D4D1C67ACB11DE2F25815649C1
C:\script_ver\quarantine\under-review\qb-radialmenu\html\css\RadialMenu.css	1094	8947D1A234EF8DC6D54BEBF2940843C1FD4A5B91E26D71C6EBB91304F9E55A5E
C:\script_ver\quarantine\under-review\qb-radialmenu\html\js\all.min.js	1137276	D160B384C2EC990BCD18F82641235F2474F7098BB55468D19E12A76301DC4FDF
C:\script_ver\quarantine\under-review\qb-radialmenu\html\js\RadialMenu.js	22400	FA9166B0DB463DF41258C4B40B35759AD527FAF6B12741D313AF2BDA7B00E65E
C:\script_ver\quarantine\under-review\qb-radialmenu\nui\dist\index.html	11277	AF0FBA269B5EBCBF30BC95CDF467DF2333584B67E94EC5481157D880DA046EAF
C:\script_ver\quarantine\under-review\qb-radialmenu\nui\dist\assets\gilroy-medium-ce8d455b.ttf	81104	CE8D455B98BAF86444A871E9EBF3EFF1FEB7CDCA9231B2CDD7F50F76CCC49A54
C:\script_ver\quarantine\under-review\qb-radialmenu\nui\dist\assets\gilroy-regular-8bbb8f0f.ttf	80728	8BBB8F0F4FD01F8B8A00E316EF160A6A5863AC834FF077ABB758A11CE758B598
C:\script_ver\quarantine\under-review\qb-radialmenu\nui\dist\assets\gilroy-semibold-32eb47df.ttf	80716	32EB47DF853ADEED4317DF17E6DC36BB7216F480C406E0DD43DA7D40E7C02ACC
C:\script_ver\quarantine\under-review\qb-radialmenu\nui\dist\assets\index-98860891.js	202732	A6F8CCB066EB69A4E9D436CEAC0995A78172E825571181202B817068A7B94455
C:\script_ver\quarantine\under-review\qb-radialmenu\nui\dist\assets\index-99907877.css	11658	E4FCE7629DF108C5B0068B4884511773E80562CE9AAAD19BE42D6281D69A9B2B
C:\script_ver\quarantine\under-review\qb-radialmenu\nui\dist\assets\inter-var-b9a8e5e2.ttf	803384	B9A8E5E213977665BE2A56DB66945A16C686DA3D9861AF1E7851322CF15495EA
C:\script_ver\quarantine\under-review\qb-radialmenu\nui\dist\assets\retro-land-mayhem-01405e18.ttf	32356	01405E18D9D41B43D59F031E26A6B19E62AAA528E80EAFEA5505D418168E25EC
C:\script_ver\quarantine\under-review\qb-radialmenu\nui\dist\assets\RobotoCondensed-Bold-14948aed.ttf	166340	14948AEDBCAF906A9CACAB38DE5FFF889BDE887ECBD710B8A1ADA3AE84C65477
C:\script_ver\quarantine\under-review\qb-radialmenu\nui\dist\assets\RobotoCondensed-Light-1ec3d4e4.ttf	164556	1EC3D4E46AC6E27B0152BFBF6C5AA2B493D68D3122D68F0FDBBFE92C79759300
C:\script_ver\quarantine\under-review\qb-radialmenu\nui\dist\assets\RobotoCondensed-Regular-04d24249.ttf	166836	04D2424978AB93CD524970AFF21200EC88358176992AF718ECD9FE96BE5AE4B8
C:\script_ver\quarantine\under-review\qb-radialmenu\server\sv_main.lua	1016	8C0702B5E42A58BBE660FDD45D5EB51F12C4448E1D3EFF274DF9D49D266D6CF5
