C:\script_ver\quarantine\under-review\nc-banking\config.json	3114	2A3DA152C51A0D5C530052885F66B88CDAB2B5355AA2EA676367610ABE5FC81B
C:\script_ver\quarantine\under-review\nc-banking\config.lua	1778	CB4A3BAEFBFB29FFC58DC99F90CEC8E25EEB952A2C8CC90D844807D5A4DFC4D8
C:\script_ver\quarantine\under-review\nc-banking\config_loader.lua	1699	7C7E4055DE31521A12B42D8C847C650E1099D2B65305D747DFCD3B7FB20AC9BD
C:\script_ver\quarantine\under-review\nc-banking\fxmanifest.lua	577	FC96B44AEC82190B621AC98664326ADE0F11E75385E7F851F661AF65AEFAB098
C:\script_ver\quarantine\under-review\nc-banking\sql.sql	6652	21932467EA1B2FF4ADCEF32F89AE9E416773C85C915B39490F664C7C5059C12A
C:\script_ver\quarantine\under-review\nc-banking\.vscode\settings.json	73	8046D61C355A27B65B7A0D5CC2034F58BAC324435AE449005D0A841A5B156B4F
C:\script_ver\quarantine\under-review\nc-banking\client\main.lua	32383	EA5C5E53D5BF0EEC7A5CC51804F246109A9A1A9D99E134A08970716472255B4A
C:\script_ver\quarantine\under-review\nc-banking\html\index.html	42184	4DEF7E079914760CDB6B8C8CF8D4788CE663ADC6370AF3F6A0CFF72F3204CC3B
C:\script_ver\quarantine\under-review\nc-banking\html\script.js	118488	DB1EDAD5A2F40FB00D7E989EDFEF7623081941A0B6FB51F8241E6FA08E63C4FD
C:\script_ver\quarantine\under-review\nc-banking\html\style.css	52524	6B1FBFB44752A53B5A6056172EDE32DDF9AA1737348D1BD9F92BD83236C54E18
C:\script_ver\quarantine\under-review\nc-banking\server\events.lua	24875	7DED6A0728B5444BB4F93B1E51539190740E4E0BEA2F20DC727837A4BB409A94
C:\script_ver\quarantine\under-review\nc-banking\server\main.lua	76203	EAF55880E60983EFEC4C80665C5BC627CF5DF262D61B9FDE78E4D233A36701DC
