sha256	path
884EBE1BC09CCBF52253CA58B059BAE6475469A8947092E27D1319D61CAE6B0C	config_init.lua
812AABB59E2798229CC537683791EBC9193BF14A3F8B322E18ACB43B2251F8A4	fxmanifest.lua
3800C9A01B3E57BD7DFA4A136DB87CA71EB440D30F1AF3A6FDDA2FB2C544EE3F	init.lua
99CCD1AC0903E8520897BE2606041142F1426806FE581B849379D1473FDB9245	main.lua
FF1726877D489A768F6EF0C76ABECF8AD198114021B3B0984405D9A874630CEA	modules/alert.lua
36B9BCAA4B63F05607C08121B85C3D636779BE954A2FA3511F9EBF1306E06997	modules/context.lua
12D21A59DBD67B0EEA251C3DE58A19923A6D4BD963AA9187A0EE40F3FFFCB6F0	modules/dialog.lua
E2E721B67EE35B9D56C3561240FB365C276CDB493055077A3CF1CA02E27E9C50	modules/menu.lua
D9644523B863D1B9DB08D0C1DA13E0645BC8D5BC9CA2F52D1395F8720CAC154B	modules/notify.lua
698C6C68E54786B3454741E58947E608E06201250F28E379D850215221EB99BB	modules/progress.lua
381C38AB0E7C8606385F14CC78CA3EFC93E55ADE5880716B8F927769353050A1	modules/radial.lua
7DB75DAA8A327CC0754990F721B45BB704F628D96CE5D58E236B46EE2FE9AF7C	modules/skillcheck.lua
935C80598CBCFC2F52676EAD792A548E0546498C3117B2149790F883F14758D1	modules/textui.lua
C076D68A1D60F1BD889AEE356BFB2925FAE6F95A8820A3B7963DFB2D3147BE82	modules/utils.lua
798E959AB22245A7020344E687251B9E38B88354E9825DE47FA57410C0E42AC3	web/build/assets/index-BgkLwDpx.css
C3AA75A3881809515273F9AE52AF534635E4CA06BD3F06FF7873CD9739CC4864	web/build/assets/index-Dk9MkoH6.js
59CC48C96047BB30B250BB287F06906E468E49F92832BD473447D13A602AEE61	web/build/fonts/Roboto-Black.ttf
54EC9E403016D8ADD6F84377952FBBDE854AB102B9C2656B8CCC9EEF9EEE84A3	web/build/fonts/Roboto-BlackItalic.ttf
DEB990E241954E1AF87C6033D40A76CF0F48E0D112541794526051AC4A3EE2C8	web/build/fonts/Roboto-Bold.ttf
8480274024A0C325C7A0FE11814C47C057A2264D9C24693B2DA9BD56C0C5E1D0	web/build/fonts/Roboto-BoldItalic.ttf
F00B24DEFFCF55E888F9A9428313A761ACC2C4D65DF47D80A097A85E7A82ED9C	web/build/fonts/Roboto-ExtraBold.ttf
4845408266B07EFD4345888C1DBA3306B2963DB25CA5C8D1EDC9E70A63B2EC99	web/build/fonts/Roboto-ExtraBoldItalic.ttf
A2D88C093FCFAB7DCC906A665E5BCB4C3B13858632FA3FD2C4380DFCF9AFF3DB	web/build/fonts/Roboto-ExtraLight.ttf
231A6F292ED37C341720923422D72BD566C1B1517E9885C78EA665FF6BBA944C	web/build/fonts/Roboto-ExtraLightItalic.ttf
5A2F18BDDBE3AC07F14D38817D1FD22DF4E8E3B74F661F7AE7B29CC8140092BC	web/build/fonts/Roboto-Italic.ttf
4B2E824BEAB63C438C2849BD6E1D4F6708CBA5A5C5F3DBE8D5AF7E9682ED9373	web/build/fonts/Roboto-Light.ttf
92EE7DA87E6B5F389549914E0EB2CCE4EC8F5C090947743957764436043D77D9	web/build/fonts/Roboto-LightItalic.ttf
616EEE3F9B60EC0196E09700EBCA48A375DA3323C4D5872E2B982170969AC90E	web/build/fonts/Roboto-Medium.ttf
DB79D54441D407613D583145F0637A5E614FC92D75FA26BDA23A4FBF2FD596C8	web/build/fonts/Roboto-MediumItalic.ttf
DBD285B518E398832F6F4A736109C355CE25A49546BFCE41BAB256C9EF7E56EB	web/build/fonts/Roboto-Regular.ttf
57B40C38D6CC65F07C23EC0319B82904FE65E05DC40B5A13AC60A18FB5943BF1	web/build/fonts/Roboto-SemiBold.ttf
64A7D4C4AFF3FD6A56E77DBC4C8F2CFECD7AB4091EDA6360F1C1A92CD1994B62	web/build/fonts/Roboto-SemiBoldItalic.ttf
0655F84356B7168BB342CF5AADC560524DAF8E26091159FAF92DAEB33FC1BB0D	web/build/fonts/Roboto-Thin.ttf
400458C3B9558C9E8453D2728D3F684C053CA9773FBA25EA15E3D889290B491C	web/build/fonts/Roboto-ThinItalic.ttf
3F4E0CD7747DF32A34748A66C1274D76712CAB429C75E75F5F0167319B97FCCB	web/build/fonts/RobotoMono-Bold.ttf
C06FE92AE6E3EAE20C1D40A312160BA8C1FC6C1FC39A136A837836E40563CE33	web/build/fonts/RobotoMono-BoldItalic.ttf
8F4DF7D81BB9116D97D1A27CF2196452521EABAE79A8F54AF30C3B96DCA8B3F4	web/build/fonts/RobotoMono-ExtraLight.ttf
B2687F9D619A941098334A3157851B2214526B0EF26F6BBEDC1441E4FE8D86A7	web/build/fonts/RobotoMono-ExtraLightItalic.ttf
D357B7530D41B1562745A9FAD9239565B83E1F1D81164A27C225E936450AD39F	web/build/fonts/RobotoMono-Italic.ttf
79B7FBE124CD1D4E2B4B115805B5D827907DCB2CCF7671BE64A9253506F4EDB9	web/build/fonts/RobotoMono-Light.ttf
4B671A7DF384D4185032CBB2204937C62C27AEC0809502B18809D053A198DF34	web/build/fonts/RobotoMono-LightItalic.ttf
F1C247BDE0EED1E58E3B9EEE89B2188DC5DFA44B8C2716044556662DD70CB7B1	web/build/fonts/RobotoMono-Medium.ttf
D28A27E622729E0968BA48A6799E7E0B89394822ACEB4D4C7CCBBD7CADCE7410	web/build/fonts/RobotoMono-MediumItalic.ttf
8D9A1FA4DFE5A5DEEA780F6513996141425EF782D7CC5665D4D459146FD3A71C	web/build/fonts/RobotoMono-Regular.ttf
CD9C7FEC6E00A383762C2CCA06209A238786EF17E82920AF0C79DE48B150D9AC	web/build/fonts/RobotoMono-SemiBold.ttf
1098FD5ABACD5F27BAC95651B0035E65A0B3BDA52B4B48B0AA98837BEBB523D6	web/build/fonts/RobotoMono-SemiBoldItalic.ttf
2A54956D141AFF9B3CC0218E88700860F0FC004675839631C61C1108A1DDC30D	web/build/fonts/RobotoMono-Thin.ttf
B5D0CF0C3158B76B16AA1337A336728BEAA2CB08FA5FB144DA65C18434B22347	web/build/fonts/RobotoMono-ThinItalic.ttf
0F2140C939D58C590885A545ADEE1C6CAF10DC8124BCE79258AA8BEC949D4253	web/build/index.html
