44136fa355b3678a1146ad16f7e8649e94fb4fc21fe77e8310c060f61caaff8a	quarantine/under-review/mm_radio/battery.json
856d4cdd7ef28b35b8f4e5c8a5366ee4a0164300b3a16317c3df3243b83c7b26	quarantine/under-review/mm_radio/fxmanifest.lua
3743f7a4ab5132f7dbeb88e68097657ab8374e74b46b6402efbe80ccfb1b6488	quarantine/under-review/mm_radio/LICENSE
a9fd79245fd46a74a1ecc59adcb1a2a6ebc05a16674c1923ff6be9d89b08b3bd	quarantine/under-review/mm_radio/README.md
823511c8566bedb1f49b2a3a1fc4b924690ff908dfa8607eaa9a45e354adc3af	quarantine/under-review/mm_radio/build/index.css
3e7e538eb20cb20c0b40ca22bb2c5143c53ccaf313e08cc7f94d9ac2914c9e72	quarantine/under-review/mm_radio/build/index.html
6235b494f1ad225273def21e01e2a6ee881392d745ca32bd8679176b9bf05356	quarantine/under-review/mm_radio/build/index.js
de9433097fb1902c2f7885ec2ddca126a9f764ff1b04652a15ccd8de9d0551af	quarantine/under-review/mm_radio/build/overlay.webp
0c42409297c16441a763eb9a07a1a5ab11e2d5cb5ceff7e28b609f02294d244c	quarantine/under-review/mm_radio/client/event.lua
72643321f76993c2eb57c9eb101622bf98b5fc766966e908d271d5906cf9870c	quarantine/under-review/mm_radio/client/function.lua
e1244d3eb7f606ebde2fe141f79da8e2019275bfca2f37c01e7e0fb9ca8e05d6	quarantine/under-review/mm_radio/client/interface.lua
8fcd8d9bc67d7071a6c080a96970640e2bc830817d0c8c625d35ab526e35172d	quarantine/under-review/mm_radio/client/nui.lua
ad6c68fdf3734a830184625b0cfb283a0468441547727f9b37b96b85df537647	quarantine/under-review/mm_radio/locales/cs.json
2b4ea37709bd4fc6fe1e3ba3e30b3b6d568e0867c2e22b529088949014c4ab02	quarantine/under-review/mm_radio/locales/de.json
a1dbd32e3d03e404649171383a1008c38920b8b85b61a984addf9a128d31e988	quarantine/under-review/mm_radio/locales/en.json
2d69bb8f09bd2c61b412cab79295fbea10def67e32996c146f5012a4c206ebd4	quarantine/under-review/mm_radio/locales/es.json
769e4dbb9b9146618086bfcfc501ba6b8f5310ef95e6eb284cb58d524506d940	quarantine/under-review/mm_radio/locales/fr.json
25bdca0153cf0fc8f5caae23a2a84b8f0b156c6f2ed6041d9ef3f0cfbd928aef	quarantine/under-review/mm_radio/server/main.lua
072950e7d61f312e16df30efc45482e935c0e62c3f464d2537ba25130b85c6c0	quarantine/under-review/mm_radio/shared/init.lua
528001d83c124c238e26b96fbb5c8dafdfa5e7c353da1816adc323b907e4c9bb	quarantine/under-review/mm_radio/shared/shared.lua
