C:\script_ver\quarantine\under-review\0r-clothing\AllTattoos.json	148668	8067C2882333EF74FA9B811B376BE5FBEF9D82F5A0A69933DD4226548DAB257F
C:\script_ver\quarantine\under-review\0r-clothing\documentation.md	61	F735AE2C28348F5314555A8448CEA3A12902CE146ED53663C78B009DA6F8A18A
C:\script_ver\quarantine\under-review\0r-clothing\fxmanifest.lua	663	155F1C9512A4233BB6BB158ED20E303A535024E0825F8D967C9948133F1F54A2
C:\script_ver\quarantine\under-review\0r-clothing\Readme.md	2115	DA87BCEFFD71447D16AACACC730619B54571D6BC9883AB6624E3D48DB4FF8A49
C:\script_ver\quarantine\under-review\0r-clothing\client\core.lua	4421	BD14D32FAC134769DA08E39FBF729FB98BA87FFDBD50BEA9AF31757A9227D456
C:\script_ver\quarantine\under-review\0r-clothing\client\main.lua	240640	9D716B950846D968E347AFF46D5B7611C9C56B47E39004522C92313070C71297
C:\script_ver\quarantine\under-review\0r-clothing\client\maskfix.lua	4273	B8F3947F9DAB8930366964BECE9D29691CB376271D60D9D01058ADF721B35407
C:\script_ver\quarantine\under-review\0r-clothing\client\Readme.md	2115	DA87BCEFFD71447D16AACACC730619B54571D6BC9883AB6624E3D48DB4FF8A49
C:\script_ver\quarantine\under-review\0r-clothing\converter\esx_skin.lua	3958	A5063D36F31C2731B2F917AE2D8E790E4841DAAA3159BA736A4F640272DF26B0
C:\script_ver\quarantine\under-review\0r-clothing\converter\fivem-appearance.lua	5051	6CFBD3A1C08575B10533E7D9E1237B021639EEBD31C081809CED62EAD76CADBD
C:\script_ver\quarantine\under-review\0r-clothing\converter\illenium-appearance.lua	9949	3ACE69589C3D896EA38AE8A7AB42625678F10F2D0BCD0F5C7F5C278738CBFB27
C:\script_ver\quarantine\under-review\0r-clothing\converter\qb-clothing.lua	9457	EEA36064733BE47C201E48625534511913FE92C83FB3DD4105C61EB9687FEBDC
C:\script_ver\quarantine\under-review\0r-clothing\converter\Readme.md	2115	DA87BCEFFD71447D16AACACC730619B54571D6BC9883AB6624E3D48DB4FF8A49
C:\script_ver\quarantine\under-review\0r-clothing\converter\skinchanger.lua	658	F581E31D3AC7A9D097700028D7C1ECF94E247B4A36C3D638544073318CA03DCB
C:\script_ver\quarantine\under-review\0r-clothing\html\index.html	27621	DFDF74BC5053D9B8C3F66FB4012FDA41AFAFF19A90099B16B92B3EFFAB4D9120
C:\script_ver\quarantine\under-review\0r-clothing\html\index.js	191089	706992C7C064E490A978536B761DDFD8F34096CF3D1D9D9EF3B879F42B438542
C:\script_ver\quarantine\under-review\0r-clothing\html\Readme.md	2115	DA87BCEFFD71447D16AACACC730619B54571D6BC9883AB6624E3D48DB4FF8A49
C:\script_ver\quarantine\under-review\0r-clothing\html\style.css	25358	8FEE05A0DE2232A28511422EB8A87CC43BF7D8104748E8CDB65908B8A36FB03A
C:\script_ver\quarantine\under-review\0r-clothing\html\files\eyebrows\-1.webp	1082	D3B1C7484B6E8BC7FA2321860DAAA32EA4077D5EC345996A9D5C9A041F572B89
C:\script_ver\quarantine\under-review\0r-clothing\html\files\eyebrows\0.webp	4746	8A7AEC79BFBA84103D3678F02D0A4862354E3EFAE085EA2F9A78617520268887
C:\script_ver\quarantine\under-review\0r-clothing\html\files\eyebrows\1.webp	2230	C0349F36C5374070CB1379F20D7870FF52959038A004A9759A2E47A573D7CA63
C:\script_ver\quarantine\under-review\0r-clothing\html\files\eyebrows\10.webp	1610	F473357918355F6D64B73E3F2ECB3517A3A5FFE90ED951C3532516ACB301A3C0
C:\script_ver\quarantine\under-review\0r-clothing\html\files\eyebrows\11.webp	4060	CAA06A4C6AB89BB590C912ACE5ACCFD8574464B6C7C3809F13C45711438E0BB2
C:\script_ver\quarantine\under-review\0r-clothing\html\files\eyebrows\12.webp	2702	EDC65404BF68D4AE7A83D082F8987B4497996C5A6CB3ED674004D107248002CA
C:\script_ver\quarantine\under-review\0r-clothing\html\files\eyebrows\13.webp	1578	4A1D9D5B88E38C97E72FAE8DEB7649A296D21DF913A9A96E2DEC2D67406E960F
C:\script_ver\quarantine\under-review\0r-clothing\html\files\eyebrows\14.webp	1578	4A1D9D5B88E38C97E72FAE8DEB7649A296D21DF913A9A96E2DEC2D67406E960F
C:\script_ver\quarantine\under-review\0r-clothing\html\files\eyebrows\15.webp	1200	5C31B47D8EE1334E871A4E7942F3456282C942386E42E062DB74573FDF1B9238
C:\script_ver\quarantine\under-review\0r-clothing\html\files\eyebrows\16.webp	1200	5C31B47D8EE1334E871A4E7942F3456282C942386E42E062DB74573FDF1B9238
C:\script_ver\quarantine\under-review\0r-clothing\html\files\eyebrows\17.webp	3844	FA7F8EF89C33A33468465B308A7C00B974CE0BC995D375E1F79A70A90534B068
C:\script_ver\quarantine\under-review\0r-clothing\html\files\eyebrows\18.webp	3810	B404D7B35279C017B36A6022947003AD4EF2B250051F9AE628B9FEA937FCE31E
C:\script_ver\quarantine\under-review\0r-clothing\html\files\eyebrows\19.webp	3826	94DEADBA95E8C852BB6FA1E1AE8C1C00268726CEAFAA244C64261757F1474AAB
C:\script_ver\quarantine\under-review\0r-clothing\html\files\eyebrows\2.webp	1738	7589056FB56D1C8CDDD1945DEEB770249CD4A2FAE04ADBFD5CED459A8192586B
C:\script_ver\quarantine\under-review\0r-clothing\html\files\eyebrows\20.webp	4212	7E3DD7CFBB39545F60BDAAEBB2DE0E3394E51E427EA8209BEEA9495E55CC6DE9
C:\script_ver\quarantine\under-review\0r-clothing\html\files\eyebrows\21.webp	3230	4AC658BBE0C5837AE97CC8943BCDA6776D0B4709885ED6CAF240B39260E0D8B4
C:\script_ver\quarantine\under-review\0r-clothing\html\files\eyebrows\22.webp	4926	362A4C5D70C0CCB5E9D50830016DA9E1CC966844A8899C37087FA70004783615
C:\script_ver\quarantine\under-review\0r-clothing\html\files\eyebrows\23.webp	3246	71F935153BF40F8801F943CE580A4E59BFDCFA71725847871EAE7CDAFA352295
C:\script_ver\quarantine\under-review\0r-clothing\html\files\eyebrows\24.webp	4154	BB5421BC0A927EFED756C378A9BE66C482F88AB24DA6273D40D28E76D995025F
C:\script_ver\quarantine\under-review\0r-clothing\html\files\eyebrows\25.webp	2946	6867E6FDA82FC942E6E0D27F43B191BB934F038CD5898D84D1ADDF7EBE6A5696
C:\script_ver\quarantine\under-review\0r-clothing\html\files\eyebrows\26.webp	4654	CE721F337AE50C6DDDB5685E661CD0847A6717E07531C025FC0D732FC3B2E51B
C:\script_ver\quarantine\under-review\0r-clothing\html\files\eyebrows\27.webp	4388	F33C6DD0B2469CDB2FDACEA12396D146C0816B6B067BF971EAC4515F3067BE10
C:\script_ver\quarantine\under-review\0r-clothing\html\files\eyebrows\28.webp	2330	A9E831A72894056E6C03EE45E4607A64B0ABDB6517856680CAF73625B925AC40
C:\script_ver\quarantine\under-review\0r-clothing\html\files\eyebrows\29.webp	2956	75F3FFB7CA9168F9C3AFBD4AF2E4D08624545E08247B2E716E5A3653F8B46F21
C:\script_ver\quarantine\under-review\0r-clothing\html\files\eyebrows\3.webp	2314	78015E16B3DA3D96A8758F67631DF1C926B1A7E2B8C868D54D5A630F86E0B82F
C:\script_ver\quarantine\under-review\0r-clothing\html\files\eyebrows\30.webp	3048	25EAD1B9460E2FD0535517308CA7A3F7E04996863A39A30AD2911251CD453AD1
C:\script_ver\quarantine\under-review\0r-clothing\html\files\eyebrows\31.webp	3376	A0323A145E550768D50D743BF0F1986CBA9FD12A6122B8CDFB869C6060C03F15
C:\script_ver\quarantine\under-review\0r-clothing\html\files\eyebrows\32.webp	2406	73C0A79EDFC0A3B5E5581C68A3D5FDFC1D72719F0AECF08FF816EACDB1A7D5A8
C:\script_ver\quarantine\under-review\0r-clothing\html\files\eyebrows\33.webp	2156	C978A0F585BBB435CB1827391C660B454C9CA1C1E75E598EB70E310DCEAC840F
C:\script_ver\quarantine\under-review\0r-clothing\html\files\eyebrows\4.webp	2236	F4F2F902C42ABC1B2A1D5825314D1497429FFB42B9A379960F8E507DB604AB2B
C:\script_ver\quarantine\under-review\0r-clothing\html\files\eyebrows\5.webp	2480	CD45D99C91E34F31CC3BDF7FF4A6E88B6659665FB511A6C4B9513753509C8C78
C:\script_ver\quarantine\under-review\0r-clothing\html\files\eyebrows\6.webp	2200	D8CD0D805365BFB1987BCEAD7A685B7DF035A919B1CE92616018C2B601B7F542
C:\script_ver\quarantine\under-review\0r-clothing\html\files\eyebrows\7.webp	1524	AEAD6C825FACDE25A060160999DB3DDE9F52545F4946371EF359BA3EC445257E
C:\script_ver\quarantine\under-review\0r-clothing\html\files\eyebrows\8.webp	2054	0E239D63E99FDC77EFBDEA5BF6329D8791D97EE9BF1EFC8D17ED381C126050C7
C:\script_ver\quarantine\under-review\0r-clothing\html\files\eyebrows\9.webp	2908	B400B32071E420CB5C0292183AC52090D9C59452F1353C42F4C2B1DEF72A6549
C:\script_ver\quarantine\under-review\0r-clothing\html\files\eyes\0.webp	2506	CD49E3BCA88077456B41901CDCFF2B8E7CDC6A9329CE07211CC0365224809159
C:\script_ver\quarantine\under-review\0r-clothing\html\files\eyes\1.webp	2436	B544D610A4F3B4F5BAF659B8E06593921AEDAD165D3CE50E8EDA77F8AC52D37A
C:\script_ver\quarantine\under-review\0r-clothing\html\files\eyes\10.webp	2538	F68CA42177612D28129FB61E0F172589958607EB8281F6DDBFD5C764480CCA42
C:\script_ver\quarantine\under-review\0r-clothing\html\files\eyes\11.webp	2616	52EF19352285FFEE54CE8144579515404A9A551BD92836BF94A15B51090BED2A
C:\script_ver\quarantine\under-review\0r-clothing\html\files\eyes\12.webp	2534	89463F5BA73DD8027C6079DA91016577F919A04745781488DA627DD49F4C6CA6
C:\script_ver\quarantine\under-review\0r-clothing\html\files\eyes\13.webp	2564	BE60EDA3E98EFEE48C87907473BD7008A24D2178A06E76929459AE24032976A3
C:\script_ver\quarantine\under-review\0r-clothing\html\files\eyes\14.webp	2488	B9B05D2237413CD40CA9376F022676389A9AA014531806B01592153B0D845334
C:\script_ver\quarantine\under-review\0r-clothing\html\files\eyes\15.webp	2642	2E09479C749CEB838F50986ED6F443FA133ED7518D08A002743280326A8C3AB3
C:\script_ver\quarantine\under-review\0r-clothing\html\files\eyes\16.webp	2614	D2BE171B278050880CF6FA012FAF0CF0B67F452B8F141B26472EDE3E14644C41
C:\script_ver\quarantine\under-review\0r-clothing\html\files\eyes\17.webp	2592	65D539AD88C5A3A6156677B8A93949A3848B37E78FF4944C176AA3E62F87831F
C:\script_ver\quarantine\under-review\0r-clothing\html\files\eyes\18.webp	2546	49866D99CA4162DA4D0369279D1ED33D59AAF2520808182DC93D6698ACF0354C
C:\script_ver\quarantine\under-review\0r-clothing\html\files\eyes\19.webp	2612	D7E7F6EF62227F712AFD1C66D67754542E123482726DA22F9E98D86C9A844DB7
C:\script_ver\quarantine\under-review\0r-clothing\html\files\eyes\2.webp	2512	4794A05D38979521F4F20FF5956BE3981D7FA5E6424481AEEA3876569089BBB1
C:\script_ver\quarantine\under-review\0r-clothing\html\files\eyes\20.webp	2534	E78F9D088B88093F09A18FC3F360F77ADA3A9DA9C85E13D2F07CF6055C3DC25E
C:\script_ver\quarantine\under-review\0r-clothing\html\files\eyes\21.webp	2616	C5172CDC2DEAB2C30B4E3619D1A886224D23737C5B0496D3DEEC42937B44D4E5
C:\script_ver\quarantine\under-review\0r-clothing\html\files\eyes\22.webp	2472	949F1824A9415D0C2BADAB3D59ED4BDB537D6F310AB9DECDDDBF1EDBD35427AE
C:\script_ver\quarantine\under-review\0r-clothing\html\files\eyes\23.webp	2474	35AF14994C70A0610EA692F4D158EA3CC5D314D1C0C2AD4FA443F14F7AEDB9D4
C:\script_ver\quarantine\under-review\0r-clothing\html\files\eyes\24.webp	2570	AA8700DA5BCC1C4D5B7C01623316DF48B712E257C1DDCF53749C9C9FB3AEACC4
C:\script_ver\quarantine\under-review\0r-clothing\html\files\eyes\25.webp	2548	4E0848D0D487F648D7EC1BD7CD0252D271EE5BD93F6DC725BF56D50717B5328D
C:\script_ver\quarantine\under-review\0r-clothing\html\files\eyes\26.webp	2460	F28CA2641C8195866CF5471F9707BCBC141CE35597A7F9AA9FC8D1DB6138BE2C
C:\script_ver\quarantine\under-review\0r-clothing\html\files\eyes\27.webp	2474	0314FEE52EE451086F9CDCB7C3E284B73B8D122E911C92DF16CE2F374D319BA3
C:\script_ver\quarantine\under-review\0r-clothing\html\files\eyes\28.webp	2608	87A74DD2763907633C7712A63C4CE21650FEB754F520CC791DF651FA6314F44D
C:\script_ver\quarantine\under-review\0r-clothing\html\files\eyes\29.webp	2610	56111DC5C0BDCBF18766B9EE55A9AD7B6CB5C79AC913FFEBC269EF250BA322D1
C:\script_ver\quarantine\under-review\0r-clothing\html\files\eyes\3.webp	2502	2B4306EB65AF192F214B4868C2174DFE7C19F1EDFF1EE3ED01F7DB7236F3D783
C:\script_ver\quarantine\under-review\0r-clothing\html\files\eyes\30.webp	2580	01CF8CFB8A1C5EAF50F46EC10206D91B47053CD6018A62F2C3D168C68C61AAF6
C:\script_ver\quarantine\under-review\0r-clothing\html\files\eyes\31.webp	2542	1718CA3184B113163983096D7EBD5285818AED813905C6D7B3B9971F58082B3C
C:\script_ver\quarantine\under-review\0r-clothing\html\files\eyes\4.webp	2524	3EA2E1BC6D87A065956C7DE70D7BC0EDCDEA34A71E48FA05C6456B184C2B055C
C:\script_ver\quarantine\under-review\0r-clothing\html\files\eyes\5.webp	2396	9587D81FFF6BCF5F6B5864C7415CF796B0E29C104BD2A6F7A6C005E34B5F670A
C:\script_ver\quarantine\under-review\0r-clothing\html\files\eyes\6.webp	2432	A8B8E63734086E14494A270DE5B2F0A5575D198AF3B4430162F5A3EFC0232481
C:\script_ver\quarantine\under-review\0r-clothing\html\files\eyes\7.webp	2428	A24B0331F5D95226AABA2EAC475B0DB7942718944085CF5AD123F27704A9690B
C:\script_ver\quarantine\under-review\0r-clothing\html\files\eyes\8.webp	2630	9D8515A96A1932F7379A5FB0B02929C4F85E9E37D85666E2286F72C519647E51
C:\script_ver\quarantine\under-review\0r-clothing\html\files\eyes\9.webp	2538	F68CA42177612D28129FB61E0F172589958607EB8281F6DDBFD5C764480CCA42
C:\script_ver\quarantine\under-review\0r-clothing\html\files\faces\SKEL_ROOT.000.webp	15290	A594B3CD7C15C0E240B172EE7BCC1EB7D0BAED60AA0D54CB583D09F5718815DF
C:\script_ver\quarantine\under-review\0r-clothing\html\files\faces\SKEL_ROOT.001.webp	14084	296A7CC7194B3276A09FFA45362046FBB56E99AAB5D2A8FB44E619C8A45615F6
C:\script_ver\quarantine\under-review\0r-clothing\html\files\faces\SKEL_ROOT.002.webp	11524	2AD79AB471CCAF2782DAA40393E96F102A0465B7AD12D71C9B603391C82AB9ED
C:\script_ver\quarantine\under-review\0r-clothing\html\files\faces\SKEL_ROOT.003.webp	12222	5452E53C6832A0A22E0F00747794F0E2678C096DCB7410FE6B50380C3140D408
C:\script_ver\quarantine\under-review\0r-clothing\html\files\faces\SKEL_ROOT.004.webp	14110	5B0417EDF0BC5D094CDA7269D0E97000C4923F9E8B47B6D921CD24B81D29B6BC
C:\script_ver\quarantine\under-review\0r-clothing\html\files\faces\SKEL_ROOT.005.webp	13946	872D7313A0B8F473E64F9A9923BBF6DD1730F95385E775FB5F169C600C1121D4
C:\script_ver\quarantine\under-review\0r-clothing\html\files\faces\SKEL_ROOT.006.webp	13864	0B1CE1557680221BD6FE950E3F7DFA2428CA8FEE278DDDCA95D12BACFAF4E044
C:\script_ver\quarantine\under-review\0r-clothing\html\files\faces\SKEL_ROOT.007.webp	14558	267D2C1290D1D90663A9A7838A9E8D67D2DA231492568ACD691C1D4D3890D020
C:\script_ver\quarantine\under-review\0r-clothing\html\files\faces\SKEL_ROOT.008.webp	13676	66ABF79572B7EA5335932063C8C4E2EFEF8C1C1FFB71222451EF783BF2758199
C:\script_ver\quarantine\under-review\0r-clothing\html\files\faces\SKEL_ROOT.009.webp	13914	F4B66C517E0E8AEC68B0BD869644A9BBCA58C8F24BF10BB2A276523D46B5D2F1
C:\script_ver\quarantine\under-review\0r-clothing\html\files\faces\SKEL_ROOT.010.webp	15452	C675DA88CBCF49CD361C14FF744F44AE997DBE8D9720ED476CB1AEE6F221A3EA
C:\script_ver\quarantine\under-review\0r-clothing\html\files\faces\SKEL_ROOT.011.webp	18298	5786ECBD4CAF1AE18AB19420F0AD696B866857B07EDF0DA4AA02BAA4412A7BF2
C:\script_ver\quarantine\under-review\0r-clothing\html\files\faces\SKEL_ROOT.012.webp	15396	7462E03D3006C17C17B3B4DFEE41E7F2695CFF475900866144360D2B5A4A7B85
C:\script_ver\quarantine\under-review\0r-clothing\html\files\faces\SKEL_ROOT.013.webp	14824	1F1C0EF0619361DAC1E409C256998FB4B7B809B0A8E99EE975876CC1BEC16816
C:\script_ver\quarantine\under-review\0r-clothing\html\files\faces\SKEL_ROOT.014.webp	11864	F96A343ABF781D866E047EE407EEBB6C9CC9CEE3048121CCF84F6AA35036B1D7
C:\script_ver\quarantine\under-review\0r-clothing\html\files\faces\SKEL_ROOT.015.webp	12058	1471B61D1F033584DF05D765F768D98B60886D36DACB6A66E0C9052AEF6E2C42
C:\script_ver\quarantine\under-review\0r-clothing\html\files\faces\SKEL_ROOT.016.webp	13490	515AF77F155BD8AC5CA9CFBD34036F0DFE248C72D4AC412E53395F9A916B25AA
C:\script_ver\quarantine\under-review\0r-clothing\html\files\faces\SKEL_ROOT.017.webp	15364	3B939245F0F3B372FD242A34F9E2A8D57C3D418D755A6B8BEADBB1E97C32625F
C:\script_ver\quarantine\under-review\0r-clothing\html\files\faces\SKEL_ROOT.018.webp	13362	654EEFE9204EF7A9E67264F074A901C14C0A763423E496125AAACEE5AD91C846
C:\script_ver\quarantine\under-review\0r-clothing\html\files\faces\SKEL_ROOT.019.webp	14542	3C1CE7199DD356C9B83C366CD4CBEA62CBECD94BB7521D0B655219B61BE9ED46
C:\script_ver\quarantine\under-review\0r-clothing\html\files\faces\SKEL_ROOT.020.webp	15598	2F07D1EF744F9DDC5447EFA2E2B29C3BD1603B132ADB20B15BEB2E9E7276FED1
C:\script_ver\quarantine\under-review\0r-clothing\html\files\faces\SKEL_ROOT.021.webp	14984	5E8DF7044D323D6A8E5E50C95F7E7D280019472810760E0BB1BF033F701E2351
C:\script_ver\quarantine\under-review\0r-clothing\html\files\faces\SKEL_ROOT.022.webp	15172	6997591C0CCA0B94F679E6C5780AE53D2A0063863B1616BEBBFEED732A0E420C
C:\script_ver\quarantine\under-review\0r-clothing\html\files\faces\SKEL_ROOT.023.webp	10896	74B9C361B8051B7E6FDE74F10B9D1C752B3E9548D18FA6EF87EEED12AAB0DB92
C:\script_ver\quarantine\under-review\0r-clothing\html\files\faces\SKEL_ROOT.024.webp	11196	097B639AEF3B2527A02EC52E8DE3399CA9EA74EBC4B6DA7262B4D2FE3E06CC0B
C:\script_ver\quarantine\under-review\0r-clothing\html\files\faces\SKEL_ROOT.025.webp	13502	E2AB09EE62F3C354456DBD87DA89D129830B0B926DCE1C671BFA3DA8D35DD8E8
C:\script_ver\quarantine\under-review\0r-clothing\html\files\faces\SKEL_ROOT.026.webp	13544	56809169401E1F856306DB36BC44361208742889D736F4AC1CBE704A09201ACB
C:\script_ver\quarantine\under-review\0r-clothing\html\files\faces\SKEL_ROOT.027.webp	13908	5273459061DDE2C8E6476B545AD7ABA4FD0B6B84E9B9997DFE51069E74DE9A55
C:\script_ver\quarantine\under-review\0r-clothing\html\files\faces\SKEL_ROOT.028.webp	14788	74AEBA7DEBA6A968EBFB0BE1B9F8B2E9C8B3A2E794ECC6664D67A24D39AFDB2A
C:\script_ver\quarantine\under-review\0r-clothing\html\files\faces\SKEL_ROOT.029.webp	13298	0086763ECC7DC457D44EF4896042AA99CAE106D0AA70DE675C5049F91A6ECFA4
C:\script_ver\quarantine\under-review\0r-clothing\html\files\faces\SKEL_ROOT.030.webp	13706	3B9E4CA0FA28F46BD7C271D77856415A2A1F0F69C81B810F0669A25354644A99
C:\script_ver\quarantine\under-review\0r-clothing\html\files\faces\SKEL_ROOT.031.webp	15496	E698BCB1D534016A45D285F8C8E13233C1EE009E9F47B1113F9A892C4274A975
C:\script_ver\quarantine\under-review\0r-clothing\html\files\faces\SKEL_ROOT.032.webp	14460	002565AF18CAB59FD7CFBBE2913D46C3C53B0DC85262244D2673E4293CFFFAB2
C:\script_ver\quarantine\under-review\0r-clothing\html\files\faces\SKEL_ROOT.033.webp	16308	EB5F9B9A82DF8D16148F2A054DE2D9201E2E9EDA9AA5E16EC2F2BE75E9BE642D
C:\script_ver\quarantine\under-review\0r-clothing\html\files\faces\SKEL_ROOT.034.webp	16528	EFF78A0ADD3DC3529C81DDA5217CB4F37B7762B737256D555E018E34D2FC3E04
C:\script_ver\quarantine\under-review\0r-clothing\html\files\faces\SKEL_ROOT.035.webp	13648	38AA4AA6CA59B4A0CE08A90E32C6679730DDFA4EE78CFF980217A4CA9756915F
C:\script_ver\quarantine\under-review\0r-clothing\html\files\faces\SKEL_ROOT.036.webp	13914	A1F97CACA32D9FD26274509511A71C854F076B0B8C01960ED54C3D7E3C4E919F
C:\script_ver\quarantine\under-review\0r-clothing\html\files\faces\SKEL_ROOT.037.webp	13360	37FCFE5C30863F977817F4712541D7679B1FDFE430AF142FC00AE6039FBFAAD8
C:\script_ver\quarantine\under-review\0r-clothing\html\files\faces\SKEL_ROOT.038.webp	15862	4C8A21C7C2F2A0A32F6A9EEA6F196ECCD739B093EF06ABDFEB0E8F5D813C4070
C:\script_ver\quarantine\under-review\0r-clothing\html\files\faces\SKEL_ROOT.039.webp	14344	77A45A6CD74181C54EF509326E1B8DABC977FF94404E055E8F1CE54FA7D547C1
C:\script_ver\quarantine\under-review\0r-clothing\html\files\faces\SKEL_ROOT.040.webp	14104	F43F4B745C702EF6B4F2BD56A09BD9AAC8714652968F3C35CDF4D5CFB32F641B
C:\script_ver\quarantine\under-review\0r-clothing\html\files\faces\SKEL_ROOT.041.webp	15242	44E9321A742CBA832C9D9B7BDC27213F4B914FD7A44D608F9010A0F5DD82474B
C:\script_ver\quarantine\under-review\0r-clothing\html\files\faces\SKEL_ROOT.042.webp	14834	7887CEFD0CA30FF80689FFF4407369BA8B0C8F9CEDB2E776A0DA2EF7FB6896AB
C:\script_ver\quarantine\under-review\0r-clothing\html\files\faces\SKEL_ROOT.043.webp	15300	98EBF24A14525A1DA09F62E81F52640B7E9CF92E04E56BAA4C2068FC281E41E2
C:\script_ver\quarantine\under-review\0r-clothing\html\files\faces\SKEL_ROOT.044.webp	14376	98E75AB803CD38754153C4B80570A5F9C551246B0F2A73E75A1404652843BB6C
C:\script_ver\quarantine\under-review\0r-clothing\html\files\faces\SKEL_ROOT.045.webp	14114	046F649E3032AF6893E620BEA5E46D57388F8CD9B01A2178DB40139C0CE9D07B
C:\script_ver\quarantine\under-review\0r-clothing\html\files\home-menu\armsgloves.png	233040	F2849327A4A9D6CA6AD0B57E04FAAF7B3DF3997710F47C810AA19BEC52B02768
C:\script_ver\quarantine\under-review\0r-clothing\html\files\home-menu\bag.png	237784	65A57E8C11B58B4E3D5141F9137F96326FFD52508BD5A0423ECD822EE3E2861B
C:\script_ver\quarantine\under-review\0r-clothing\html\files\home-menu\bracelet.png	249709	CD0CFD97C5EE8CEA4FE96FF6FC47CD223ABF945800EDD6A5D04DD84A6B8647A7
C:\script_ver\quarantine\under-review\0r-clothing\html\files\home-menu\decal.png	436326	474F6AF3AA93F27CF873E8F22CA43D765338AFC2C999E80ECBFD5FBD50BF91DE
C:\script_ver\quarantine\under-review\0r-clothing\html\files\home-menu\earrings.png	167914	DF7D39AB0FA0A7FA8E3C3F5681CDD586E3E09C851DD7CED68A3EE320CF46D975
C:\script_ver\quarantine\under-review\0r-clothing\html\files\home-menu\glasses.png	82160	BD4BFD9FB7BFE1AC986F5E31FF4E1F011A4521AB95289D42DEB6089475D2C4DE
C:\script_ver\quarantine\under-review\0r-clothing\html\files\home-menu\hat.png	153843	80C9935E0A374C3715DA072A0A4994B509C1FB6A8F8B0429999C72C213E90B4B
C:\script_ver\quarantine\under-review\0r-clothing\html\files\home-menu\jacket.png	341112	F4A5ED627564A983D839E69FE46A53EE2A6B6C666AAE0A9F5951E6DD0D8CDD96
C:\script_ver\quarantine\under-review\0r-clothing\html\files\home-menu\mask.png	163288	2297D1BF18AA94B7348A92C20813FDED56E3A6B5C4A698F46E201CD7281D289A
C:\script_ver\quarantine\under-review\0r-clothing\html\files\home-menu\pants.png	167742	B3732A9A1EC880ABB1A3EEFD56F516915DFA244CCFB48BD079E415A668AF50E8
C:\script_ver\quarantine\under-review\0r-clothing\html\files\home-menu\scarfsnecklaces.png	279741	5FCC6C36177B855CAFD5A4686E507C87288952BD1E8E7F5CEC1FA64770D534DD
C:\script_ver\quarantine\under-review\0r-clothing\html\files\home-menu\shoes.png	202310	EDAA7BDD2EC06CE6F76EEF1D83C358E192F77691E8EB7048769C8AA6B9D364DD
C:\script_ver\quarantine\under-review\0r-clothing\html\files\home-menu\undershirt.png	163700	F7B650AB8143CF788C2EBFA2034364459ED7DBA32D78661F4CC9536DFC0132F5
C:\script_ver\quarantine\under-review\0r-clothing\html\files\home-menu\vest.png	278032	1B24BD9C5B04273F2A724E211B042FB78DEE2441AD72770A81BD031AB0EDFEF1
C:\script_ver\quarantine\under-review\0r-clothing\html\files\home-menu\watch.png	229417	9C965864414B0157169A83B5FA4BFC9FE3AD9F79CCF578E182BE5084A845C3A4
C:\script_ver\quarantine\under-review\0r-clothing\html\files\menu\accessories.svg	10596	CC4B73673AB6341DD8013A26C5AA5876B21A9D24F58E78121C5412B02B88B4CA
C:\script_ver\quarantine\under-review\0r-clothing\html\files\menu\clothing.svg	4195	553ADFED07D792FA2DB1F56EF2601C9ADA0DC7692906D21BD6BB289EFFB72949
C:\script_ver\quarantine\under-review\0r-clothing\html\files\menu\default.svg	2869	BE46B86FE91568BA8DC74C4E5C31AAE0F6542C99960C0755381130F599DFFC1D
C:\script_ver\quarantine\under-review\0r-clothing\html\files\menu\face.svg	1887	78C80A9D4D3C343E0E4FEFC6E8600CE803FD9BDE179835EFA41D08F2B0C0D14D
C:\script_ver\quarantine\under-review\0r-clothing\html\files\menu\facefeat.svg	2045	D8D6572BBB0A8DC9181C9D115655936C4565A57C89F7A319074474920C35A56B
C:\script_ver\quarantine\under-review\0r-clothing\html\files\menu\hair.svg	1803	D873A0C1E7A3A2A3192A95D148417C49E8A733B0CFFC4BDBD93225AB68A42266
C:\script_ver\quarantine\under-review\0r-clothing\html\files\menu\icon.svg	1032	CA7CBCD0B576CC797B42C476EA4C1324888DE49E5F3846B74C8C6935EAFA7DAD
C:\script_ver\quarantine\under-review\0r-clothing\html\files\menu\makeup.svg	1734	3A759F642822F49F7E4FF5037977B2416733C668FBBE33A4E959E49189396E27
C:\script_ver\quarantine\under-review\0r-clothing\html\files\menu\peds.svg	2622	C9135B101702E1FE7BB14EE0101B7E6A95947E59510CC11915268F1BED52BD21
C:\script_ver\quarantine\under-review\0r-clothing\html\files\menu\skin.svg	1621	EA57DA1EA57F36A9BD881C8BFF76423AD5434D17230B71B80D8014BE8C254F07
C:\script_ver\quarantine\under-review\0r-clothing\html\files\menu\tattoo.svg	3752	5D5A4E1F1FC0B4F327F1310D0065F684F2EB5ED2ABC4EF116336598500845E2F
C:\script_ver\quarantine\under-review\0r-clothing\html\files\menu\topBG.png	29837	CC160838696C9825C69EE05E123C6FFB0D4C4D3D4FB07F8352C1EF65664153B6
C:\script_ver\quarantine\under-review\0r-clothing\html\files\menu\unknown.svg	1724	E9C2572550C5338D166F7B1D4727C70D682B277692F280C1F39E19BF5D86A131
C:\script_ver\quarantine\under-review\0r-clothing\html\fonts\AGENCYB.ttf	60656	4FDE694CC486B55266F7561C685FBD9153EA0003F0C0C39FC744B132051D40C5
C:\script_ver\quarantine\under-review\0r-clothing\html\fonts\AGENCYR.ttf	58920	D672EB87A3787BDAF8F75DF50F9ADE864E2D5C9CDEC5B07CE6DE9D7D39433EA2
C:\script_ver\quarantine\under-review\0r-clothing\html\fonts\gilroy-blackitalic-webfont.woff	30116	EE194DA33F71FFA840C4A3E5708708A9586E239565D4FF062C21B44DE9225585
C:\script_ver\quarantine\under-review\0r-clothing\html\fonts\gilroy-medium-webfont.woff	27072	982F08BFC08F16720BFB6A9592BF444B366F8C8033871C9CBC3A45BC7D67025D
C:\script_ver\quarantine\under-review\0r-clothing\html\fonts\gilroy-regular-webfont.woff	26248	EC7D67801D188910F53DF09161CAFA9E975FCC710A8994C4EA71B81FAA986EF5
C:\script_ver\quarantine\under-review\0r-clothing\html\fonts\gilroy-regularitalic-webfont.woff	28020	86D52B31525056D0E195CFA1F6DA80E7E7266C17A8F97429E792E56EC9CA6DA4
C:\script_ver\quarantine\under-review\0r-clothing\html\fonts\gilroy-semibold-webfont.woff	26748	CF0892857DD8146F1BA9B4CC9A3A55C6D4E1CFED15996EB5E9CB7FE705E02C51
C:\script_ver\quarantine\under-review\0r-clothing\html\fonts\gilroy-ultralight-webfont.woff	26284	91611095E9C7DC1C5C8C500C5233B7E3F01AD0F0AFC105CDA83244623123FC10
C:\script_ver\quarantine\under-review\0r-clothing\html\fonts\ttfirs.ttf	131236	77B207E4344F3E9ED70A5AF0868678D6AB849483D6C61F4E7A2A8DD687BC21B4
C:\script_ver\quarantine\under-review\0r-clothing\html-old\index.html	227802	2ABA73D93EE2836AF5DBAE536002692F2067E54D27AC6C8915849CA45843123F
C:\script_ver\quarantine\under-review\0r-clothing\html-old\index.js	150915	506C5E74BF8C81A3598EC7E632C756536DF381ACC7B96ECBA9DD5D65758EAC1A
C:\script_ver\quarantine\under-review\0r-clothing\html-old\Readme.md	2115	DA87BCEFFD71447D16AACACC730619B54571D6BC9883AB6624E3D48DB4FF8A49
C:\script_ver\quarantine\under-review\0r-clothing\html-old\style.css	31673	96EE83741B9CC7EE0357AF9EB43A772302E8D87BB6974E5D079B6E8CBCCCC3B1
C:\script_ver\quarantine\under-review\0r-clothing\html-old\files\eyebrows\-1.webp	960	23C952DF75CE66EBB02592610D94FD8A28FEDEB736E3082A2F699F12F264F03D
C:\script_ver\quarantine\under-review\0r-clothing\html-old\files\eyebrows\0.webp	4746	8A7AEC79BFBA84103D3678F02D0A4862354E3EFAE085EA2F9A78617520268887
C:\script_ver\quarantine\under-review\0r-clothing\html-old\files\eyebrows\1.webp	2230	C0349F36C5374070CB1379F20D7870FF52959038A004A9759A2E47A573D7CA63
C:\script_ver\quarantine\under-review\0r-clothing\html-old\files\eyebrows\10.webp	1610	F473357918355F6D64B73E3F2ECB3517A3A5FFE90ED951C3532516ACB301A3C0
C:\script_ver\quarantine\under-review\0r-clothing\html-old\files\eyebrows\11.webp	4060	CAA06A4C6AB89BB590C912ACE5ACCFD8574464B6C7C3809F13C45711438E0BB2
C:\script_ver\quarantine\under-review\0r-clothing\html-old\files\eyebrows\12.webp	2702	EDC65404BF68D4AE7A83D082F8987B4497996C5A6CB3ED674004D107248002CA
C:\script_ver\quarantine\under-review\0r-clothing\html-old\files\eyebrows\13.webp	1578	4A1D9D5B88E38C97E72FAE8DEB7649A296D21DF913A9A96E2DEC2D67406E960F
C:\script_ver\quarantine\under-review\0r-clothing\html-old\files\eyebrows\14.webp	1578	4A1D9D5B88E38C97E72FAE8DEB7649A296D21DF913A9A96E2DEC2D67406E960F
C:\script_ver\quarantine\under-review\0r-clothing\html-old\files\eyebrows\15.webp	1200	5C31B47D8EE1334E871A4E7942F3456282C942386E42E062DB74573FDF1B9238
C:\script_ver\quarantine\under-review\0r-clothing\html-old\files\eyebrows\16.webp	1200	5C31B47D8EE1334E871A4E7942F3456282C942386E42E062DB74573FDF1B9238
C:\script_ver\quarantine\under-review\0r-clothing\html-old\files\eyebrows\17.webp	3844	FA7F8EF89C33A33468465B308A7C00B974CE0BC995D375E1F79A70A90534B068
C:\script_ver\quarantine\under-review\0r-clothing\html-old\files\eyebrows\18.webp	3810	B404D7B35279C017B36A6022947003AD4EF2B250051F9AE628B9FEA937FCE31E
C:\script_ver\quarantine\under-review\0r-clothing\html-old\files\eyebrows\19.webp	3826	94DEADBA95E8C852BB6FA1E1AE8C1C00268726CEAFAA244C64261757F1474AAB
C:\script_ver\quarantine\under-review\0r-clothing\html-old\files\eyebrows\2.webp	1738	7589056FB56D1C8CDDD1945DEEB770249CD4A2FAE04ADBFD5CED459A8192586B
C:\script_ver\quarantine\under-review\0r-clothing\html-old\files\eyebrows\20.webp	4212	7E3DD7CFBB39545F60BDAAEBB2DE0E3394E51E427EA8209BEEA9495E55CC6DE9
C:\script_ver\quarantine\under-review\0r-clothing\html-old\files\eyebrows\21.webp	3230	4AC658BBE0C5837AE97CC8943BCDA6776D0B4709885ED6CAF240B39260E0D8B4
C:\script_ver\quarantine\under-review\0r-clothing\html-old\files\eyebrows\22.webp	4926	362A4C5D70C0CCB5E9D50830016DA9E1CC966844A8899C37087FA70004783615
C:\script_ver\quarantine\under-review\0r-clothing\html-old\files\eyebrows\23.webp	3246	71F935153BF40F8801F943CE580A4E59BFDCFA71725847871EAE7CDAFA352295
C:\script_ver\quarantine\under-review\0r-clothing\html-old\files\eyebrows\24.webp	4154	BB5421BC0A927EFED756C378A9BE66C482F88AB24DA6273D40D28E76D995025F
C:\script_ver\quarantine\under-review\0r-clothing\html-old\files\eyebrows\25.webp	2946	6867E6FDA82FC942E6E0D27F43B191BB934F038CD5898D84D1ADDF7EBE6A5696
C:\script_ver\quarantine\under-review\0r-clothing\html-old\files\eyebrows\26.webp	4654	CE721F337AE50C6DDDB5685E661CD0847A6717E07531C025FC0D732FC3B2E51B
C:\script_ver\quarantine\under-review\0r-clothing\html-old\files\eyebrows\27.webp	4388	F33C6DD0B2469CDB2FDACEA12396D146C0816B6B067BF971EAC4515F3067BE10
C:\script_ver\quarantine\under-review\0r-clothing\html-old\files\eyebrows\28.webp	2330	A9E831A72894056E6C03EE45E4607A64B0ABDB6517856680CAF73625B925AC40
C:\script_ver\quarantine\under-review\0r-clothing\html-old\files\eyebrows\29.webp	2956	75F3FFB7CA9168F9C3AFBD4AF2E4D08624545E08247B2E716E5A3653F8B46F21
C:\script_ver\quarantine\under-review\0r-clothing\html-old\files\eyebrows\3.webp	2314	78015E16B3DA3D96A8758F67631DF1C926B1A7E2B8C868D54D5A630F86E0B82F
C:\script_ver\quarantine\under-review\0r-clothing\html-old\files\eyebrows\30.webp	3048	25EAD1B9460E2FD0535517308CA7A3F7E04996863A39A30AD2911251CD453AD1
C:\script_ver\quarantine\under-review\0r-clothing\html-old\files\eyebrows\31.webp	3376	A0323A145E550768D50D743BF0F1986CBA9FD12A6122B8CDFB869C6060C03F15
C:\script_ver\quarantine\under-review\0r-clothing\html-old\files\eyebrows\32.webp	2406	73C0A79EDFC0A3B5E5581C68A3D5FDFC1D72719F0AECF08FF816EACDB1A7D5A8
C:\script_ver\quarantine\under-review\0r-clothing\html-old\files\eyebrows\33.webp	2156	C978A0F585BBB435CB1827391C660B454C9CA1C1E75E598EB70E310DCEAC840F
C:\script_ver\quarantine\under-review\0r-clothing\html-old\files\eyebrows\4.webp	2236	F4F2F902C42ABC1B2A1D5825314D1497429FFB42B9A379960F8E507DB604AB2B
C:\script_ver\quarantine\under-review\0r-clothing\html-old\files\eyebrows\5.webp	2480	CD45D99C91E34F31CC3BDF7FF4A6E88B6659665FB511A6C4B9513753509C8C78
C:\script_ver\quarantine\under-review\0r-clothing\html-old\files\eyebrows\6.webp	2200	D8CD0D805365BFB1987BCEAD7A685B7DF035A919B1CE92616018C2B601B7F542
C:\script_ver\quarantine\under-review\0r-clothing\html-old\files\eyebrows\7.webp	1524	AEAD6C825FACDE25A060160999DB3DDE9F52545F4946371EF359BA3EC445257E
C:\script_ver\quarantine\under-review\0r-clothing\html-old\files\eyebrows\8.webp	2054	0E239D63E99FDC77EFBDEA5BF6329D8791D97EE9BF1EFC8D17ED381C126050C7
C:\script_ver\quarantine\under-review\0r-clothing\html-old\files\eyebrows\9.webp	2908	B400B32071E420CB5C0292183AC52090D9C59452F1353C42F4C2B1DEF72A6549
C:\script_ver\quarantine\under-review\0r-clothing\html-old\files\eyes\0.webp	2506	CD49E3BCA88077456B41901CDCFF2B8E7CDC6A9329CE07211CC0365224809159
C:\script_ver\quarantine\under-review\0r-clothing\html-old\files\eyes\1.webp	2436	B544D610A4F3B4F5BAF659B8E06593921AEDAD165D3CE50E8EDA77F8AC52D37A
C:\script_ver\quarantine\under-review\0r-clothing\html-old\files\eyes\10.webp	2538	F68CA42177612D28129FB61E0F172589958607EB8281F6DDBFD5C764480CCA42
C:\script_ver\quarantine\under-review\0r-clothing\html-old\files\eyes\11.webp	2616	52EF19352285FFEE54CE8144579515404A9A551BD92836BF94A15B51090BED2A
C:\script_ver\quarantine\under-review\0r-clothing\html-old\files\eyes\12.webp	2534	89463F5BA73DD8027C6079DA91016577F919A04745781488DA627DD49F4C6CA6
C:\script_ver\quarantine\under-review\0r-clothing\html-old\files\eyes\13.webp	2564	BE60EDA3E98EFEE48C87907473BD7008A24D2178A06E76929459AE24032976A3
C:\script_ver\quarantine\under-review\0r-clothing\html-old\files\eyes\14.webp	2488	B9B05D2237413CD40CA9376F022676389A9AA014531806B01592153B0D845334
C:\script_ver\quarantine\under-review\0r-clothing\html-old\files\eyes\15.webp	2642	2E09479C749CEB838F50986ED6F443FA133ED7518D08A002743280326A8C3AB3
C:\script_ver\quarantine\under-review\0r-clothing\html-old\files\eyes\16.webp	2614	D2BE171B278050880CF6FA012FAF0CF0B67F452B8F141B26472EDE3E14644C41
C:\script_ver\quarantine\under-review\0r-clothing\html-old\files\eyes\17.webp	2592	65D539AD88C5A3A6156677B8A93949A3848B37E78FF4944C176AA3E62F87831F
C:\script_ver\quarantine\under-review\0r-clothing\html-old\files\eyes\18.webp	2546	49866D99CA4162DA4D0369279D1ED33D59AAF2520808182DC93D6698ACF0354C
C:\script_ver\quarantine\under-review\0r-clothing\html-old\files\eyes\19.webp	2612	D7E7F6EF62227F712AFD1C66D67754542E123482726DA22F9E98D86C9A844DB7
C:\script_ver\quarantine\under-review\0r-clothing\html-old\files\eyes\2.webp	2512	4794A05D38979521F4F20FF5956BE3981D7FA5E6424481AEEA3876569089BBB1
C:\script_ver\quarantine\under-review\0r-clothing\html-old\files\eyes\20.webp	2534	E78F9D088B88093F09A18FC3F360F77ADA3A9DA9C85E13D2F07CF6055C3DC25E
C:\script_ver\quarantine\under-review\0r-clothing\html-old\files\eyes\21.webp	2616	C5172CDC2DEAB2C30B4E3619D1A886224D23737C5B0496D3DEEC42937B44D4E5
C:\script_ver\quarantine\under-review\0r-clothing\html-old\files\eyes\22.webp	2472	949F1824A9415D0C2BADAB3D59ED4BDB537D6F310AB9DECDDDBF1EDBD35427AE
C:\script_ver\quarantine\under-review\0r-clothing\html-old\files\eyes\23.webp	2474	35AF14994C70A0610EA692F4D158EA3CC5D314D1C0C2AD4FA443F14F7AEDB9D4
C:\script_ver\quarantine\under-review\0r-clothing\html-old\files\eyes\24.webp	2570	AA8700DA5BCC1C4D5B7C01623316DF48B712E257C1DDCF53749C9C9FB3AEACC4
C:\script_ver\quarantine\under-review\0r-clothing\html-old\files\eyes\25.webp	2548	4E0848D0D487F648D7EC1BD7CD0252D271EE5BD93F6DC725BF56D50717B5328D
C:\script_ver\quarantine\under-review\0r-clothing\html-old\files\eyes\26.webp	2460	F28CA2641C8195866CF5471F9707BCBC141CE35597A7F9AA9FC8D1DB6138BE2C
C:\script_ver\quarantine\under-review\0r-clothing\html-old\files\eyes\27.webp	2474	0314FEE52EE451086F9CDCB7C3E284B73B8D122E911C92DF16CE2F374D319BA3
C:\script_ver\quarantine\under-review\0r-clothing\html-old\files\eyes\28.webp	2608	87A74DD2763907633C7712A63C4CE21650FEB754F520CC791DF651FA6314F44D
C:\script_ver\quarantine\under-review\0r-clothing\html-old\files\eyes\29.webp	2610	56111DC5C0BDCBF18766B9EE55A9AD7B6CB5C79AC913FFEBC269EF250BA322D1
C:\script_ver\quarantine\under-review\0r-clothing\html-old\files\eyes\3.webp	2502	2B4306EB65AF192F214B4868C2174DFE7C19F1EDFF1EE3ED01F7DB7236F3D783
C:\script_ver\quarantine\under-review\0r-clothing\html-old\files\eyes\30.webp	2580	01CF8CFB8A1C5EAF50F46EC10206D91B47053CD6018A62F2C3D168C68C61AAF6
C:\script_ver\quarantine\under-review\0r-clothing\html-old\files\eyes\31.webp	2542	1718CA3184B113163983096D7EBD5285818AED813905C6D7B3B9971F58082B3C
C:\script_ver\quarantine\under-review\0r-clothing\html-old\files\eyes\4.webp	2524	3EA2E1BC6D87A065956C7DE70D7BC0EDCDEA34A71E48FA05C6456B184C2B055C
C:\script_ver\quarantine\under-review\0r-clothing\html-old\files\eyes\5.webp	2396	9587D81FFF6BCF5F6B5864C7415CF796B0E29C104BD2A6F7A6C005E34B5F670A
C:\script_ver\quarantine\under-review\0r-clothing\html-old\files\eyes\6.webp	2432	A8B8E63734086E14494A270DE5B2F0A5575D198AF3B4430162F5A3EFC0232481
C:\script_ver\quarantine\under-review\0r-clothing\html-old\files\eyes\7.webp	2428	A24B0331F5D95226AABA2EAC475B0DB7942718944085CF5AD123F27704A9690B
C:\script_ver\quarantine\under-review\0r-clothing\html-old\files\eyes\8.webp	2630	9D8515A96A1932F7379A5FB0B02929C4F85E9E37D85666E2286F72C519647E51
C:\script_ver\quarantine\under-review\0r-clothing\html-old\files\eyes\9.webp	2538	F68CA42177612D28129FB61E0F172589958607EB8281F6DDBFD5C764480CCA42
C:\script_ver\quarantine\under-review\0r-clothing\html-old\files\faces\SKEL_ROOT.000.webp	15290	A594B3CD7C15C0E240B172EE7BCC1EB7D0BAED60AA0D54CB583D09F5718815DF
C:\script_ver\quarantine\under-review\0r-clothing\html-old\files\faces\SKEL_ROOT.001.webp	14084	296A7CC7194B3276A09FFA45362046FBB56E99AAB5D2A8FB44E619C8A45615F6
C:\script_ver\quarantine\under-review\0r-clothing\html-old\files\faces\SKEL_ROOT.002.webp	11524	2AD79AB471CCAF2782DAA40393E96F102A0465B7AD12D71C9B603391C82AB9ED
C:\script_ver\quarantine\under-review\0r-clothing\html-old\files\faces\SKEL_ROOT.003.webp	12222	5452E53C6832A0A22E0F00747794F0E2678C096DCB7410FE6B50380C3140D408
C:\script_ver\quarantine\under-review\0r-clothing\html-old\files\faces\SKEL_ROOT.004.webp	14110	5B0417EDF0BC5D094CDA7269D0E97000C4923F9E8B47B6D921CD24B81D29B6BC
C:\script_ver\quarantine\under-review\0r-clothing\html-old\files\faces\SKEL_ROOT.005.webp	13946	872D7313A0B8F473E64F9A9923BBF6DD1730F95385E775FB5F169C600C1121D4
C:\script_ver\quarantine\under-review\0r-clothing\html-old\files\faces\SKEL_ROOT.006.webp	13864	0B1CE1557680221BD6FE950E3F7DFA2428CA8FEE278DDDCA95D12BACFAF4E044
C:\script_ver\quarantine\under-review\0r-clothing\html-old\files\faces\SKEL_ROOT.007.webp	14558	267D2C1290D1D90663A9A7838A9E8D67D2DA231492568ACD691C1D4D3890D020
C:\script_ver\quarantine\under-review\0r-clothing\html-old\files\faces\SKEL_ROOT.008.webp	13676	66ABF79572B7EA5335932063C8C4E2EFEF8C1C1FFB71222451EF783BF2758199
C:\script_ver\quarantine\under-review\0r-clothing\html-old\files\faces\SKEL_ROOT.009.webp	13914	F4B66C517E0E8AEC68B0BD869644A9BBCA58C8F24BF10BB2A276523D46B5D2F1
C:\script_ver\quarantine\under-review\0r-clothing\html-old\files\faces\SKEL_ROOT.010.webp	15452	C675DA88CBCF49CD361C14FF744F44AE997DBE8D9720ED476CB1AEE6F221A3EA
C:\script_ver\quarantine\under-review\0r-clothing\html-old\files\faces\SKEL_ROOT.011.webp	18298	5786ECBD4CAF1AE18AB19420F0AD696B866857B07EDF0DA4AA02BAA4412A7BF2
C:\script_ver\quarantine\under-review\0r-clothing\html-old\files\faces\SKEL_ROOT.012.webp	15396	7462E03D3006C17C17B3B4DFEE41E7F2695CFF475900866144360D2B5A4A7B85
C:\script_ver\quarantine\under-review\0r-clothing\html-old\files\faces\SKEL_ROOT.013.webp	14824	1F1C0EF0619361DAC1E409C256998FB4B7B809B0A8E99EE975876CC1BEC16816
C:\script_ver\quarantine\under-review\0r-clothing\html-old\files\faces\SKEL_ROOT.014.webp	11864	F96A343ABF781D866E047EE407EEBB6C9CC9CEE3048121CCF84F6AA35036B1D7
C:\script_ver\quarantine\under-review\0r-clothing\html-old\files\faces\SKEL_ROOT.015.webp	12058	1471B61D1F033584DF05D765F768D98B60886D36DACB6A66E0C9052AEF6E2C42
C:\script_ver\quarantine\under-review\0r-clothing\html-old\files\faces\SKEL_ROOT.016.webp	13490	515AF77F155BD8AC5CA9CFBD34036F0DFE248C72D4AC412E53395F9A916B25AA
C:\script_ver\quarantine\under-review\0r-clothing\html-old\files\faces\SKEL_ROOT.017.webp	15364	3B939245F0F3B372FD242A34F9E2A8D57C3D418D755A6B8BEADBB1E97C32625F
C:\script_ver\quarantine\under-review\0r-clothing\html-old\files\faces\SKEL_ROOT.018.webp	13362	654EEFE9204EF7A9E67264F074A901C14C0A763423E496125AAACEE5AD91C846
C:\script_ver\quarantine\under-review\0r-clothing\html-old\files\faces\SKEL_ROOT.019.webp	14542	3C1CE7199DD356C9B83C366CD4CBEA62CBECD94BB7521D0B655219B61BE9ED46
C:\script_ver\quarantine\under-review\0r-clothing\html-old\files\faces\SKEL_ROOT.020.webp	15598	2F07D1EF744F9DDC5447EFA2E2B29C3BD1603B132ADB20B15BEB2E9E7276FED1
C:\script_ver\quarantine\under-review\0r-clothing\html-old\files\faces\SKEL_ROOT.021.webp	14984	5E8DF7044D323D6A8E5E50C95F7E7D280019472810760E0BB1BF033F701E2351
C:\script_ver\quarantine\under-review\0r-clothing\html-old\files\faces\SKEL_ROOT.022.webp	15172	6997591C0CCA0B94F679E6C5780AE53D2A0063863B1616BEBBFEED732A0E420C
C:\script_ver\quarantine\under-review\0r-clothing\html-old\files\faces\SKEL_ROOT.023.webp	10896	74B9C361B8051B7E6FDE74F10B9D1C752B3E9548D18FA6EF87EEED12AAB0DB92
C:\script_ver\quarantine\under-review\0r-clothing\html-old\files\faces\SKEL_ROOT.024.webp	11196	097B639AEF3B2527A02EC52E8DE3399CA9EA74EBC4B6DA7262B4D2FE3E06CC0B
C:\script_ver\quarantine\under-review\0r-clothing\html-old\files\faces\SKEL_ROOT.025.webp	13502	E2AB09EE62F3C354456DBD87DA89D129830B0B926DCE1C671BFA3DA8D35DD8E8
C:\script_ver\quarantine\under-review\0r-clothing\html-old\files\faces\SKEL_ROOT.026.webp	13544	56809169401E1F856306DB36BC44361208742889D736F4AC1CBE704A09201ACB
C:\script_ver\quarantine\under-review\0r-clothing\html-old\files\faces\SKEL_ROOT.027.webp	13908	5273459061DDE2C8E6476B545AD7ABA4FD0B6B84E9B9997DFE51069E74DE9A55
C:\script_ver\quarantine\under-review\0r-clothing\html-old\files\faces\SKEL_ROOT.028.webp	14788	74AEBA7DEBA6A968EBFB0BE1B9F8B2E9C8B3A2E794ECC6664D67A24D39AFDB2A
C:\script_ver\quarantine\under-review\0r-clothing\html-old\files\faces\SKEL_ROOT.029.webp	13298	0086763ECC7DC457D44EF4896042AA99CAE106D0AA70DE675C5049F91A6ECFA4
C:\script_ver\quarantine\under-review\0r-clothing\html-old\files\faces\SKEL_ROOT.030.webp	13706	3B9E4CA0FA28F46BD7C271D77856415A2A1F0F69C81B810F0669A25354644A99
C:\script_ver\quarantine\under-review\0r-clothing\html-old\files\faces\SKEL_ROOT.031.webp	15496	E698BCB1D534016A45D285F8C8E13233C1EE009E9F47B1113F9A892C4274A975
C:\script_ver\quarantine\under-review\0r-clothing\html-old\files\faces\SKEL_ROOT.032.webp	14460	002565AF18CAB59FD7CFBBE2913D46C3C53B0DC85262244D2673E4293CFFFAB2
C:\script_ver\quarantine\under-review\0r-clothing\html-old\files\faces\SKEL_ROOT.033.webp	16308	EB5F9B9A82DF8D16148F2A054DE2D9201E2E9EDA9AA5E16EC2F2BE75E9BE642D
C:\script_ver\quarantine\under-review\0r-clothing\html-old\files\faces\SKEL_ROOT.034.webp	16528	EFF78A0ADD3DC3529C81DDA5217CB4F37B7762B737256D555E018E34D2FC3E04
C:\script_ver\quarantine\under-review\0r-clothing\html-old\files\faces\SKEL_ROOT.035.webp	13648	38AA4AA6CA59B4A0CE08A90E32C6679730DDFA4EE78CFF980217A4CA9756915F
C:\script_ver\quarantine\under-review\0r-clothing\html-old\files\faces\SKEL_ROOT.036.webp	13914	A1F97CACA32D9FD26274509511A71C854F076B0B8C01960ED54C3D7E3C4E919F
C:\script_ver\quarantine\under-review\0r-clothing\html-old\files\faces\SKEL_ROOT.037.webp	13360	37FCFE5C30863F977817F4712541D7679B1FDFE430AF142FC00AE6039FBFAAD8
C:\script_ver\quarantine\under-review\0r-clothing\html-old\files\faces\SKEL_ROOT.038.webp	15862	4C8A21C7C2F2A0A32F6A9EEA6F196ECCD739B093EF06ABDFEB0E8F5D813C4070
C:\script_ver\quarantine\under-review\0r-clothing\html-old\files\faces\SKEL_ROOT.039.webp	14344	77A45A6CD74181C54EF509326E1B8DABC977FF94404E055E8F1CE54FA7D547C1
C:\script_ver\quarantine\under-review\0r-clothing\html-old\files\faces\SKEL_ROOT.040.webp	14104	F43F4B745C702EF6B4F2BD56A09BD9AAC8714652968F3C35CDF4D5CFB32F641B
C:\script_ver\quarantine\under-review\0r-clothing\html-old\files\faces\SKEL_ROOT.041.webp	15242	44E9321A742CBA832C9D9B7BDC27213F4B914FD7A44D608F9010A0F5DD82474B
C:\script_ver\quarantine\under-review\0r-clothing\html-old\files\faces\SKEL_ROOT.042.webp	14834	7887CEFD0CA30FF80689FFF4407369BA8B0C8F9CEDB2E776A0DA2EF7FB6896AB
C:\script_ver\quarantine\under-review\0r-clothing\html-old\files\faces\SKEL_ROOT.043.webp	15300	98EBF24A14525A1DA09F62E81F52640B7E9CF92E04E56BAA4C2068FC281E41E2
C:\script_ver\quarantine\under-review\0r-clothing\html-old\files\faces\SKEL_ROOT.044.webp	14376	98E75AB803CD38754153C4B80570A5F9C551246B0F2A73E75A1404652843BB6C
C:\script_ver\quarantine\under-review\0r-clothing\html-old\files\faces\SKEL_ROOT.045.webp	14114	046F649E3032AF6893E620BEA5E46D57388F8CD9B01A2178DB40139C0CE9D07B
C:\script_ver\quarantine\under-review\0r-clothing\html-old\files\home-menu\armsgloves.png	233040	F2849327A4A9D6CA6AD0B57E04FAAF7B3DF3997710F47C810AA19BEC52B02768
C:\script_ver\quarantine\under-review\0r-clothing\html-old\files\home-menu\bag.png	237784	65A57E8C11B58B4E3D5141F9137F96326FFD52508BD5A0423ECD822EE3E2861B
C:\script_ver\quarantine\under-review\0r-clothing\html-old\files\home-menu\bracelet.png	249709	CD0CFD97C5EE8CEA4FE96FF6FC47CD223ABF945800EDD6A5D04DD84A6B8647A7
C:\script_ver\quarantine\under-review\0r-clothing\html-old\files\home-menu\decal.png	436326	474F6AF3AA93F27CF873E8F22CA43D765338AFC2C999E80ECBFD5FBD50BF91DE
C:\script_ver\quarantine\under-review\0r-clothing\html-old\files\home-menu\earrings.png	167914	DF7D39AB0FA0A7FA8E3C3F5681CDD586E3E09C851DD7CED68A3EE320CF46D975
C:\script_ver\quarantine\under-review\0r-clothing\html-old\files\home-menu\glasses.png	82160	BD4BFD9FB7BFE1AC986F5E31FF4E1F011A4521AB95289D42DEB6089475D2C4DE
C:\script_ver\quarantine\under-review\0r-clothing\html-old\files\home-menu\hat.png	153843	80C9935E0A374C3715DA072A0A4994B509C1FB6A8F8B0429999C72C213E90B4B
C:\script_ver\quarantine\under-review\0r-clothing\html-old\files\home-menu\jacket.png	341112	F4A5ED627564A983D839E69FE46A53EE2A6B6C666AAE0A9F5951E6DD0D8CDD96
C:\script_ver\quarantine\under-review\0r-clothing\html-old\files\home-menu\mask.png	163288	2297D1BF18AA94B7348A92C20813FDED56E3A6B5C4A698F46E201CD7281D289A
C:\script_ver\quarantine\under-review\0r-clothing\html-old\files\home-menu\pants.png	167742	B3732A9A1EC880ABB1A3EEFD56F516915DFA244CCFB48BD079E415A668AF50E8
C:\script_ver\quarantine\under-review\0r-clothing\html-old\files\home-menu\scarfsnecklaces.png	279741	5FCC6C36177B855CAFD5A4686E507C87288952BD1E8E7F5CEC1FA64770D534DD
C:\script_ver\quarantine\under-review\0r-clothing\html-old\files\home-menu\shoes.png	202310	EDAA7BDD2EC06CE6F76EEF1D83C358E192F77691E8EB7048769C8AA6B9D364DD
C:\script_ver\quarantine\under-review\0r-clothing\html-old\files\home-menu\undershirt.png	163700	F7B650AB8143CF788C2EBFA2034364459ED7DBA32D78661F4CC9536DFC0132F5
C:\script_ver\quarantine\under-review\0r-clothing\html-old\files\home-menu\vest.png	278032	1B24BD9C5B04273F2A724E211B042FB78DEE2441AD72770A81BD031AB0EDFEF1
C:\script_ver\quarantine\under-review\0r-clothing\html-old\files\home-menu\watch.png	229417	9C965864414B0157169A83B5FA4BFC9FE3AD9F79CCF578E182BE5084A845C3A4
C:\script_ver\quarantine\under-review\0r-clothing\html-old\files\menu\accessories.svg	10596	CC4B73673AB6341DD8013A26C5AA5876B21A9D24F58E78121C5412B02B88B4CA
C:\script_ver\quarantine\under-review\0r-clothing\html-old\files\menu\clothing.svg	4195	553ADFED07D792FA2DB1F56EF2601C9ADA0DC7692906D21BD6BB289EFFB72949
C:\script_ver\quarantine\under-review\0r-clothing\html-old\files\menu\default.svg	2285	3C2D0620BF9D30ABE49948D648B96A9E4A01E9BCD0ADEBE8AD86D7AEBB20CD71
C:\script_ver\quarantine\under-review\0r-clothing\html-old\files\menu\face.svg	1887	78C80A9D4D3C343E0E4FEFC6E8600CE803FD9BDE179835EFA41D08F2B0C0D14D
C:\script_ver\quarantine\under-review\0r-clothing\html-old\files\menu\facefeat.svg	2045	D8D6572BBB0A8DC9181C9D115655936C4565A57C89F7A319074474920C35A56B
C:\script_ver\quarantine\under-review\0r-clothing\html-old\files\menu\hair.svg	1803	D873A0C1E7A3A2A3192A95D148417C49E8A733B0CFFC4BDBD93225AB68A42266
C:\script_ver\quarantine\under-review\0r-clothing\html-old\files\menu\icon.svg	1032	CA7CBCD0B576CC797B42C476EA4C1324888DE49E5F3846B74C8C6935EAFA7DAD
C:\script_ver\quarantine\under-review\0r-clothing\html-old\files\menu\makeup.svg	1734	3A759F642822F49F7E4FF5037977B2416733C668FBBE33A4E959E49189396E27
C:\script_ver\quarantine\under-review\0r-clothing\html-old\files\menu\peds.svg	2622	C9135B101702E1FE7BB14EE0101B7E6A95947E59510CC11915268F1BED52BD21
C:\script_ver\quarantine\under-review\0r-clothing\html-old\files\menu\skin.svg	1621	EA57DA1EA57F36A9BD881C8BFF76423AD5434D17230B71B80D8014BE8C254F07
C:\script_ver\quarantine\under-review\0r-clothing\html-old\files\menu\tattoo.svg	3752	5D5A4E1F1FC0B4F327F1310D0065F684F2EB5ED2ABC4EF116336598500845E2F
C:\script_ver\quarantine\under-review\0r-clothing\html-old\files\menu\unknown.svg	1722	49F5E3832F483A8154A9130F2A67B387164D4897638A0F293565A537A118163C
C:\script_ver\quarantine\under-review\0r-clothing\html-old\fonts\AGENCYB.ttf	60656	4FDE694CC486B55266F7561C685FBD9153EA0003F0C0C39FC744B132051D40C5
C:\script_ver\quarantine\under-review\0r-clothing\html-old\fonts\AGENCYR.ttf	58920	D672EB87A3787BDAF8F75DF50F9ADE864E2D5C9CDEC5B07CE6DE9D7D39433EA2
C:\script_ver\quarantine\under-review\0r-clothing\html-old\fonts\gilroy-medium-webfont.woff	27072	982F08BFC08F16720BFB6A9592BF444B366F8C8033871C9CBC3A45BC7D67025D
C:\script_ver\quarantine\under-review\0r-clothing\html-old\fonts\gilroy-regular-webfont.woff	26248	EC7D67801D188910F53DF09161CAFA9E975FCC710A8994C4EA71B81FAA986EF5
C:\script_ver\quarantine\under-review\0r-clothing\html-old\fonts\gilroy-semibold-webfont.woff	26748	CF0892857DD8146F1BA9B4CC9A3A55C6D4E1CFED15996EB5E9CB7FE705E02C51
C:\script_ver\quarantine\under-review\0r-clothing\html-old\fonts\ttfirs.ttf	131236	77B207E4344F3E9ED70A5AF0868678D6AB849483D6C61F4E7A2A8DD687BC21B4
C:\script_ver\quarantine\under-review\0r-clothing\locales\en.lua	4910	178230CB7F242527DB009539869B6AF2997FB5ADD10338AC6B026ADB691E034A
C:\script_ver\quarantine\under-review\0r-clothing\locales\Readme.md	2115	DA87BCEFFD71447D16AACACC730619B54571D6BC9883AB6624E3D48DB4FF8A49
C:\script_ver\quarantine\under-review\0r-clothing\server\core.lua	12591	86C170B2E7D1875F63A115D43908D2900E6A4DE61621A66029EBC377AFFD2965
C:\script_ver\quarantine\under-review\0r-clothing\server\main.lua	18461	5B86F39AAD1DA107CE20DA3EC266FFDBED2A7159FD3E2CDB438B059A40915A07
C:\script_ver\quarantine\under-review\0r-clothing\server\Readme.md	2115	DA87BCEFFD71447D16AACACC730619B54571D6BC9883AB6624E3D48DB4FF8A49
C:\script_ver\quarantine\under-review\0r-clothing\shared\config.lua	15218	D65DEDE8B8BB74123C2FCA6DE46B56155D982E4687099517C5B1680EF19B0086
C:\script_ver\quarantine\under-review\0r-clothing\shared\cores.lua	879	825917CDB2A28B2946F6EAA788D6D692409C82796056FB0D0A31A1F489BF6C4D
C:\script_ver\quarantine\under-review\0r-clothing\shared\locale.lua	4435	AD29E7645909F49722E5B4D7D494018049F9FD5E51649F6C6A5E6FD40B8B768B
C:\script_ver\quarantine\under-review\0r-clothing\shared\peds.lua	13402	6768A8823962A4AACB65976455637A0C84642C0F4EA412435F7740BD8C2E934C
C:\script_ver\quarantine\under-review\0r-clothing\shared\Readme.md	2115	DA87BCEFFD71447D16AACACC730619B54571D6BC9883AB6624E3D48DB4FF8A49
