C:\script_ver\quarantine\under-review\0r-imagegenerator 1\fxmanifest.lua	423	A5442471B6B407E5DBDD23DFCACCB672A91E5F78B52D07587EDC0CD60EFFB163
C:\script_ver\quarantine\under-review\0r-imagegenerator 1\Readme.md	2115	DA87BCEFFD71447D16AACACC730619B54571D6BC9883AB6624E3D48DB4FF8A49
C:\script_ver\quarantine\under-review\0r-imagegenerator 1\client\core.lua	938	F0E26843DDDB106184D1E2706BDA2668B1CEF8929082C177C210D77CFF507BD6
C:\script_ver\quarantine\under-review\0r-imagegenerator 1\client\main.lua	43481	1ECDA62B7C0A4B303AB4586E92691AD706D0DC0AC4AF7328FEF08E1CB708AE67
C:\script_ver\quarantine\under-review\0r-imagegenerator 1\html\index.html	571	68505DD95838A03F66972644FC4187259E7629113F957B2BFE9A93751225F9CA
C:\script_ver\quarantine\under-review\0r-imagegenerator 1\html\script.js	1312	FE1AC99E9C057398C7765DAD4B8922109CC64B59ED093FE427A19F97D4424BC2
C:\script_ver\quarantine\under-review\0r-imagegenerator 1\html\style.css	1252	39EDCF2D05CCB0387E4242C97BF1B45F9CA83B170D1D4B5F575BA7FE7D6713A3
C:\script_ver\quarantine\under-review\0r-imagegenerator 1\images\_male_CLOTHING_1_0.webp	110	096C7112F981C4CBBE3A94CD95C82A601C5AB1DAF6A9AA2430A85A566ADD4F30
C:\script_ver\quarantine\under-review\0r-imagegenerator 1\images\_male_CLOTHING_1_1.webp	9038	9C4487C580F11BD4DBF28A5C4C4F305C79CD28BEBABC709BBD758F0ABEDED593
C:\script_ver\quarantine\under-review\0r-imagegenerator 1\images\_male_CLOTHING_1_2.webp	9234	E847988D2B51B8AE564AEA0D953BFA5F4F62DB6FAC9B432EA5B0381C773524B7
C:\script_ver\quarantine\under-review\0r-imagegenerator 1\images\_male_CLOTHING_1_3.webp	10538	F5D277C8F7E7C22D6AE8BA5C32CC557F60F768E1FFC45249E812CB57BDEEC541
C:\script_ver\quarantine\under-review\0r-imagegenerator 1\images\_male_PROPS_0_0.webp	5520	1CAF691CAB7A0C983F8FB4A093A050B01E70177950DA6A17A3BC0FCE85A97176
C:\script_ver\quarantine\under-review\0r-imagegenerator 1\images\_male_PROPS_0_1.webp	5824	C3EDECA4580E8382525B392B98E3008623234EA2E7EAF6A7892D4D98F001CF78
C:\script_ver\quarantine\under-review\0r-imagegenerator 1\images\_male_PROPS_0_10.webp	5854	9AB0D39400F368B8483FE7D40E22EAA270D69C77F63C88588EF65CABF42C7BED
C:\script_ver\quarantine\under-review\0r-imagegenerator 1\images\_male_PROPS_0_11.webp	922	76A9A23D0872B058E11CED7ADCE230A75DC07E913EB2286989E8FDC086F7F2DF
C:\script_ver\quarantine\under-review\0r-imagegenerator 1\images\_male_PROPS_0_2.webp	2356	904364C839EF46FEE54BED71262714B036A6984702A97A1F6E8014226D4A9E0F
C:\script_ver\quarantine\under-review\0r-imagegenerator 1\images\_male_PROPS_0_3.webp	5852	A156D3035787F193B9CAB5F479DC217F27DD6BE501132E13169A92E2EDF529E9
C:\script_ver\quarantine\under-review\0r-imagegenerator 1\images\_male_PROPS_0_4.webp	2934	35B4AD836C753D834960E9C26B995B3D3B06ED556C5B3FA0EDE8EC5BDF419D74
C:\script_ver\quarantine\under-review\0r-imagegenerator 1\images\_male_PROPS_0_5.webp	2212	0B1178FDB48CAD82D13B9C2666B21E3798545AE15CF27D1B389AB3A7D9FC83C0
C:\script_ver\quarantine\under-review\0r-imagegenerator 1\images\_male_PROPS_0_6.webp	4772	AE40279D42AB012BDB3FBDD002CC457A2DF76AD4A4BC90C95F0BAC9054CCB757
C:\script_ver\quarantine\under-review\0r-imagegenerator 1\images\_male_PROPS_0_7.webp	3482	5B9D28E5A3591B80DFE1F0CCF09A2B6D8433E53E789030E87B1CBD334802E9A2
C:\script_ver\quarantine\under-review\0r-imagegenerator 1\images\_male_PROPS_0_8.webp	952	26AD1DC8261031A65D94351015CF011BDBC76CDBDA53DFAB0186B52852AF3B7C
C:\script_ver\quarantine\under-review\0r-imagegenerator 1\images\_male_PROPS_0_9.webp	5704	9356A554B7B3A2B19B922D9068FBFAD39EC395047D265883A84D5E99A4B4FD59
C:\script_ver\quarantine\under-review\0r-imagegenerator 1\server\core.lua	1070	6F8D7944C2717264309A7320CFD83C57E202E7F47E099BAD33966BD34EC1FCAB
C:\script_ver\quarantine\under-review\0r-imagegenerator 1\server\main.lua	3556	CAB632769E7BD7A5B524E44A1B4B037CE3D6BD961B69F1A03022908D943A21FB
C:\script_ver\quarantine\under-review\0r-imagegenerator 1\shared\config.lua	8038	3401DC7A49C557ED12B75B74031AA42AC87EF38E2D808499CA9CFEB909E90CD6
C:\script_ver\quarantine\under-review\0r-imagegenerator 1\shared\config_sv.lua	282	4389A44B9DB34964EED0C2D95ABC98FD344AFD2E1AD59D5298696DB26529331F
C:\script_ver\quarantine\under-review\0r-imagegenerator 1\shared\cores.lua	879	825917CDB2A28B2946F6EAA788D6D692409C82796056FB0D0A31A1F489BF6C4D
C:\script_ver\quarantine\under-review\0r-imagegenerator 1\shared\Readme.md	2115	DA87BCEFFD71447D16AACACC730619B54571D6BC9883AB6624E3D48DB4FF8A49
