3136d5fac0b8d486eaad20ab2bc5eca5b8b74ac30048eff59b277b4f086fef62	quarantine/under-review/lb-phone/Documentation.url
c6980875aebfbbaa10ed5989fdc522990e3fb4b58c7e89fa3fa12f864c522fa9	quarantine/under-review/lb-phone/fxmanifest.lua
a818cc4254e975e12616d520157429da58bb669311e065be869d83a66ded430a	quarantine/under-review/lb-phone/inventoryitem.png
3b9d77aff065cfa5828946ecbe5e2884a1806ceb379e6b44c1f907c94725cb99	quarantine/under-review/lb-phone/phone.sql
21de7c0c33e171eea4f4ae1e138057256ae14dc28da4bff53040b48efaec11f9	quarantine/under-review/lb-phone/README.md
8e27712fd4b0c4659e03194fb4d0d02cd06de3fc0e3ab30d91d6d6e74b7a484d	quarantine/under-review/lb-phone/client/client.lua
7c1a7edfbe51b5e82af0599199682bb6ae093131550b90cda654d51eb39afd61	quarantine/under-review/lb-phone/client/apps/custom.lua
f50fdd6f027ec8f1b083a14d108007d7dc29d150315aa09e2bb9c4aeb02e2db4	quarantine/under-review/lb-phone/client/apps/default/appstore.lua
105218d7045f847f5723db7559f164a79f7b0dd0a0cdad2c6a34339f89b767e1	quarantine/under-review/lb-phone/client/apps/default/camera.lua
1581ab2fc2a2925505b08624f00f3e1523516eb164156e76670d97e1183da87b	quarantine/under-review/lb-phone/client/apps/default/clock.lua
0afd0589119c6f6be2c406e39124e6c6b5e846c08a449dd9173bfd6ac4c62d5b	quarantine/under-review/lb-phone/client/apps/default/mail.lua
87cea672cf528a0ad9c3b8ec861a0edeaf3f85c058d9a666577d396e3ccbd729	quarantine/under-review/lb-phone/client/apps/default/maps.lua
fefe00d13ef9f8a20ab29430ebcc96ac0180d6d9925e2bc174c5412948fcc444	quarantine/under-review/lb-phone/client/apps/default/messages.lua
50534ca4feaf59cfcabe5d772f27ccdf01ebd9f86694d051602b92cd89900c5e	quarantine/under-review/lb-phone/client/apps/default/notes.lua
d3cadc589db7add0d8b06322639c91cc6bb6816d74d4fb83557c8e5b4062c132	quarantine/under-review/lb-phone/client/apps/default/phone.lua
e53df8e5b44aa85d228dddb66342e960aa43e1ec8cec6fd9a0f28727c6b7d752	quarantine/under-review/lb-phone/client/apps/default/voicememo.lua
2669d12eadd489ec58b77f6eef12ac5b1d2dd15319c78fd581af8b27b8adea4b	quarantine/under-review/lb-phone/client/apps/default/weather.lua
bb0209e075d2d21c1544cdc3a1e76be6f20505a067cecc6416fa7a2f8f507695	quarantine/under-review/lb-phone/client/apps/framework/garage.lua
2813726b3e74a6ca1fe3765c2c708ae98ade6ed7cb4a99a7256b3e2ea655632c	quarantine/under-review/lb-phone/client/apps/framework/services.lua
ee19a0b5a458004bb5d95a3af221a0fd7b976ccffd38a235a5cb80324efad681	quarantine/under-review/lb-phone/client/apps/framework/wallet.lua
da8a8da9224b0acf1e3e6c6687583950c70780b8fd982a04f1649d6363d25647	quarantine/under-review/lb-phone/client/apps/framework/home/loaf_housing.lua
c2ac27a1d2c75212478d0c53fa7af4cc5c0b0f8f2b7983e54ae11d85865982e9	quarantine/under-review/lb-phone/client/apps/framework/home/qb-houses.lua
696b3fd0760d808e080b148ec3832ee6420d81e95a73ecd0f816756d5968f0bf	quarantine/under-review/lb-phone/client/apps/framework/home/qs-housing.lua
52daa8a4e7d39a54dc1b2247acfad8b589852b0e113f57ebded5a4ff187e167c	quarantine/under-review/lb-phone/client/apps/other/crypto.lua
203d7afeb25f315fd051e7901f402579b0c2ee59903b509b6c8f15dbb2cfafe7	quarantine/under-review/lb-phone/client/apps/other/darkchat.lua
ef6a27882cb469d74b23ed6250cfa66ee4ef19aac9c93c5a4c9da19e1f27f894	quarantine/under-review/lb-phone/client/apps/other/marketplace.lua
c9d5db648f19c6527f710a2619134bf0ddb40b631322754778f4fab38f8bb9e6	quarantine/under-review/lb-phone/client/apps/other/music.lua
78b62ac2907a5a4bddd2fd6aaca45cd7698d731487c47ce6ba86e88f569456cc	quarantine/under-review/lb-phone/client/apps/other/yellowpages.lua
93c862218b73959e940d5cd980bf51998f28f9972fbfdb8211ee550136e7c47c	quarantine/under-review/lb-phone/client/apps/social/instagram.lua
8eead92c08560c59451a58f0b31375f7c2e34b5ccaef924623c7e320f173ec3c	quarantine/under-review/lb-phone/client/apps/social/tiktok.lua
76fd2416a2725fdc41344f3dfa7d7e135d21e9c5f1188dbaea66add11c8d220a	quarantine/under-review/lb-phone/client/apps/social/tinder.lua
db571768665826d5a130d960e4eb6697bb851ab32a0520550caf023b2445432e	quarantine/under-review/lb-phone/client/apps/social/twitter.lua
752c9059825d94f2d134f76b54f375482bac1236d97a403c464f9367c838b980	quarantine/under-review/lb-phone/client/custom/frameworks/ox.lua
ddb8658d05a23441e0e5085b7c103cc9556743a13ec40ed2b6b6a40e5b10e08c	quarantine/under-review/lb-phone/client/custom/frameworks/vrp2.lua
a01f7c87eca6988ce32eeb229eeda491c846ae3d924cea262e95909897185776	quarantine/under-review/lb-phone/client/custom/frameworks/esx/esx.lua
3fc53aea4e0b5a2b27d6fd86b29b2a12b8a6d0e4f7dbd031a152cf15be661c26	quarantine/under-review/lb-phone/client/custom/frameworks/esx/item.lua
d6d6be19cfa80dd39cba81927066f295fa7347330ac923b495ded3c025760a43	quarantine/under-review/lb-phone/client/custom/frameworks/esx/services.lua
e00deb7d17d93d7bddebab1f57029d8ef55c0a6fa9adb505307491cba85d10a5	quarantine/under-review/lb-phone/client/custom/frameworks/esx/vehicles.lua
4ca1c235f9b0cfff5031fb6e40a27387484e059f62ba077dd7a3d65668298a66	quarantine/under-review/lb-phone/client/custom/frameworks/qb/item.lua
a80e9fcee903a5c3c36c6b99a081bbc5cfb52060b970944496168c0d3f199aba	quarantine/under-review/lb-phone/client/custom/frameworks/qb/qb.lua
f531bd76ee62f744fe64f6c0623e47f5321f4bdf184940f28771bd6bd858915c	quarantine/under-review/lb-phone/client/custom/frameworks/qb/qbit.lua
a09ca5322882ff4255b27ae399b5211d0dcbcec31d1621a8e8ed83de70a06781	quarantine/under-review/lb-phone/client/custom/frameworks/qb/services.lua
97650f99d09c9b62923f4411eff12e1f8f7c22f79e3b5d004cf38a0b4df4fe29	quarantine/under-review/lb-phone/client/custom/frameworks/qb/vehicles.lua
8b8590531ab924b29a121315c560477a4dd985687790c001e0b5d96a3ec03d05	quarantine/under-review/lb-phone/client/custom/frameworks/qbox/item.lua
65d8c2d13c21d051e128acbcc87b820b814b55bc5452723e6d2dca65799009cc	quarantine/under-review/lb-phone/client/custom/frameworks/qbox/qbox.lua
4552e2a7ad131ed55ca137a2216403ff79d2f093fe11aa1e12a57637f92ee34d	quarantine/under-review/lb-phone/client/custom/frameworks/qbox/services.lua
443d7bd2126940635c9ebb57c5bb2c69245b0179237e50f8aa84567eca7054cd	quarantine/under-review/lb-phone/client/custom/frameworks/qbox/vehicles.lua
01f360eb8f2f7cb30984531515aebe4abe1139873b59665da167138b173d2045	quarantine/under-review/lb-phone/client/custom/frameworks/standalone/item.lua
caf5075b67d0fabd8b0b83845e822723be43def8c4cb8fc978800f65f6b44fac	quarantine/under-review/lb-phone/client/custom/frameworks/standalone/services.lua
96e9e57d9fca07d2494b3fd92c36859ae31b7220bbfe693570e71a4e49e32e59	quarantine/under-review/lb-phone/client/custom/frameworks/standalone/standalone.lua
a0bb47f159be0d286ee30c70b40d748c2d883526eb2611c5f514112649056056	quarantine/under-review/lb-phone/client/custom/frameworks/standalone/vehicles.lua
4fce3cbdd5b0d8a3099afa75bd8296c72756fe972b14be291b7333ba5bc37e8d	quarantine/under-review/lb-phone/client/custom/functions/animations.lua
2c78e78ae3f43e9d3989c915ed76f6c57d11dc2c4d03339b6a9fb86baa60956c	quarantine/under-review/lb-phone/client/custom/functions/cellTowers.lua
ec65f48fe137ef240400db4ba1ff0d261eb0dc7a9b8677d70427d1e2101db3f3	quarantine/under-review/lb-phone/client/custom/functions/death.lua
e39e14949ce84f1a499b2f995ff62848e548e3e2d3400fb25eb94acd2b53c003	quarantine/under-review/lb-phone/client/custom/functions/face.lua
6373a2e7504e4da13c95415e05637cd33badb3834ec7c26d8b464fbee249f667	quarantine/under-review/lb-phone/client/custom/functions/functions.lua
5c389e787f2d11d2a1ba832685b8f8d747f779d6d74ce55c32a4028e72569c9e	quarantine/under-review/lb-phone/client/custom/functions/item.lua
f3517e41feecdd99f30d2639d8f2d3e18244892a47b01b7366c66777712c5dc4	quarantine/under-review/lb-phone/client/custom/functions/voice.lua
74d9b1a7ff1d2ae3bf853423c3d43d72a91b9ef0ee06be8eaadccff1b1094dc7	quarantine/under-review/lb-phone/client/custom/uniquePhones/codem-inventory.lua
4753c1ff63e6debe4b8178dff9f1e98320a8ab7269a190e903e7bf98d0c0ac8e	quarantine/under-review/lb-phone/client/custom/uniquePhones/core_inventory.lua
194618efc1c306f10d4ece06d45b9170180bb0fb0575b9c817842bc0464b4df7	quarantine/under-review/lb-phone/client/custom/uniquePhones/mf-inventory.lua
f2c60121ca55add9591f6e88f5c41a6e3c55555c271c2084254e2e50ea9d998a	quarantine/under-review/lb-phone/client/custom/uniquePhones/ox_inventory.lua
bf9cf570db7d36f19b69e610023ef3578a6202b059e3bb8b0dca38d390dea470	quarantine/under-review/lb-phone/client/custom/uniquePhones/qb-inventory.lua
77279341fb55afd5f74eed2158b51fe122b67b3f77cb23802c1e4d3a954406e5	quarantine/under-review/lb-phone/client/custom/uniquePhones/qs-inventory.lua
88f20827da5c38797292e4ed7cc877da71973561de5acb1a73685f413f0836e8	quarantine/under-review/lb-phone/client/misc/accountSwitcher.lua
9409c01f05c549abda7f6c800808b02c6a8db874c953a90c5492d824afa80670	quarantine/under-review/lb-phone/client/misc/airshare.lua
407e5e9300e8504e2ed4b9b8a0aeeb7d7a6bbc6638add4a5f3f4dd576c5b1b1e	quarantine/under-review/lb-phone/client/misc/backup.lua
6a7c867b03f7df298d18ce7acbef9e77081f0f04fb1e5216c2960d984b61b355	quarantine/under-review/lb-phone/client/misc/battery.lua
b5d77b83154cf9f4376f8ad6d868896d853ded2446790b212aeb7547d1250c79	quarantine/under-review/lb-phone/client/misc/controllerCompatibility.lua
95b16d4fc50588475d032829249cee865b3d4b5896b5853cc44fd05e2e8fb952	quarantine/under-review/lb-phone/client/misc/customApp.lua
bfdfac9be4df4be9bcc6473b3b0a647be6eb5f1b4921bc780e7eb132133d2e55	quarantine/under-review/lb-phone/client/misc/debug.lua
3361426cdb1323d90a1fb525df7fc7dab19c13d0fd032c29dcb6d75969b32af6	quarantine/under-review/lb-phone/client/misc/errors.lua
29f560796b6f220e93a777e6406886fa37970ddf3983d54235719afbd521c4a8	quarantine/under-review/lb-phone/client/misc/exports.lua
b55a8497914d04469dca9ee0d0ae6de057a24c115b5d53b29a812d93cf681ad4	quarantine/under-review/lb-phone/client/misc/flashlight.lua
168e418754c3c703bdf7a3471e884e7303585f43f1173b47ad601abf0e600bd7	quarantine/under-review/lb-phone/client/misc/hearNearby.lua
34d040b63747b4a1d619e29f23e95330d4939c34164ae8a62d1fd7d2d4a5103d	quarantine/under-review/lb-phone/client/misc/notifications.lua
7eb4317841077a80214f4139340052717640d52a4250857c2445026a91d4ffd2	quarantine/under-review/lb-phone/client/misc/recordNearbyVoices.lua
ad4febef712be282d5591bece335fc8a03e1dd050cb9a3acbbdb4f4e11535d11	quarantine/under-review/lb-phone/client/misc/security.lua
44b329fb5851027b44c5bcaa3104017ba097b771ca3d28d2c50a48f4e33e74d2	quarantine/under-review/lb-phone/client/misc/walkableCam.lua
e54338e542d07b43a3aa05ae336ed2992cbd3ff3a416a0c574ad5f2bc2bf6904	quarantine/under-review/lb-phone/config/cellTowers.lua
8a271be82ba623498b9b3ee27b998d07d6b0d6ee757b6ff55e96f0ea26e16ae0	quarantine/under-review/lb-phone/config/config.json
300ca35d667490440e90d9a0fcba5af39c2eb3a505290f5968c5301beb84f903	quarantine/under-review/lb-phone/config/config.lua
1ab4eb6f48cb51c3f868d2c9a98337500bd4d7be9f7d0b17d8c6e7e25128c492	quarantine/under-review/lb-phone/config/defaultSettings.json
26287a01387690f025ffab7e1ff280479325adbd6b31465dcc14aac767f84c2b	quarantine/under-review/lb-phone/config/music.lua
789173c1fadc61464c7f6d340203f39a33979ccf76996f8f55b4b8fde5ecae56	quarantine/under-review/lb-phone/config/READ_ME.txt
7ef3cf5af1bb49544facc489615038a648d0c05b45937de73d843176d9c2175a	quarantine/under-review/lb-phone/config/locales/ar.json
3fb85bd589dce22e1cc75ad8037c9784b31e8b3145305e4d1f93330156028bce	quarantine/under-review/lb-phone/config/locales/ba.json
cd4da57890ba6dfa9cff13f22bf1d534bfae8c2bd66f2c25aec2bf8180c085c5	quarantine/under-review/lb-phone/config/locales/cs.json
13a5a714a591180bf44a700dc1e178252e91793c36b3c633f2da6557800ee4db	quarantine/under-review/lb-phone/config/locales/de.json
52e12c4d77a38e0cfe52c6ce1de180af258822453acceeebcd7aeff5bfd11587	quarantine/under-review/lb-phone/config/locales/dk.json
3133008711006b2c85145d26bb213333f98055952d33f28bb79c5756a1ad6542	quarantine/under-review/lb-phone/config/locales/en.json
33110608177f123a9334f9e7d6e20c985ebe3fc3abea9ec0f2c14e7b038e9171	quarantine/under-review/lb-phone/config/locales/es.json
5271b454d0159ebdaa509c80098dfab5b7a984a7193db5434ed83ca55c876f68	quarantine/under-review/lb-phone/config/locales/fr.json
61aeff0f17f11aafce9a2da4fc3cd27a8f2a5883bd6a7bd3c592e73e4ff2b6df	quarantine/under-review/lb-phone/config/locales/hu.json
a1c36f98b189101bac1dee15ec51f3f77c74bda541e2f4b7ce6933c21b0055df	quarantine/under-review/lb-phone/config/locales/it.json
f1e46cea1b585cc185bc67a57041c02b68811222986e1e6b215e74d6b434a8f2	quarantine/under-review/lb-phone/config/locales/ja.json
df4fc0426cd1547ede43ca789adca2e9d0c4b4092ce71a679102a88e5f3521d3	quarantine/under-review/lb-phone/config/locales/nl.json
991cce0f96365888daab359746d274f518c6a29e7b28e05a668ecad40da1003a	quarantine/under-review/lb-phone/config/locales/no.json
19ead9c664973564d61f1ff9157bd372d2a0da2d3b6e69482c449c04d911e1c2	quarantine/under-review/lb-phone/config/locales/pl.json
938f3eb164a45f5096e7babccb08bbccf925f10f1ad061ffb874c753d0d79d99	quarantine/under-review/lb-phone/config/locales/pt-br.json
fb4d8f95e18748a89f37ba980f48eebb3671f076560b1eae99a38bbd52561073	quarantine/under-review/lb-phone/config/locales/pt-pt.json
42d995dffecf1c4d6b47657847a8f7fb667823369cbf773e8ef445569485b1c3	quarantine/under-review/lb-phone/config/locales/README.md
789173c1fadc61464c7f6d340203f39a33979ccf76996f8f55b4b8fde5ecae56	quarantine/under-review/lb-phone/config/locales/READ_ME.txt
ef713a7a003ff47e1c6e439209a5b168ca1a025e96da4db22a334f7f8b0816ea	quarantine/under-review/lb-phone/config/locales/ro.json
ab17c39797559be9178ce4f0ab3f3d86d284c6485f66f54edf3d8a5ebf1f1cea	quarantine/under-review/lb-phone/config/locales/ru.json
6fbf03a5135b2a83fbdd0014e9666650d7defdf97348a4174ca6b4c00892413e	quarantine/under-review/lb-phone/config/locales/sl.json
64b6ebcdfcfd46ce49f9772bdd8d67ae2c60cf537287a76e7cf5cde8d6a69796	quarantine/under-review/lb-phone/config/locales/sv.json
97aabc23ca4c0331d64021da8b94a0e5a73f3de6066ac7a17d381e8a973a1712	quarantine/under-review/lb-phone/config/locales/th.json
f67d2d904063a18fa05969b74ccf09d503b6013136fd6038c579a29c930e577d	quarantine/under-review/lb-phone/config/locales/tr.json
21e7d120ce8ff20d9abcb6ca04e50f089cbb00c85c414ba29c1b4618c463f926	quarantine/under-review/lb-phone/config/locales/ua.json
10ab58eba595d9121a2a046b9d79f74ea8116b684d3fdd8fd867186b04683a7d	quarantine/under-review/lb-phone/config/locales/zh-cn.json
789173c1fadc61464c7f6d340203f39a33979ccf76996f8f55b4b8fde5ecae56	quarantine/under-review/lb-phone/lib/READ_ME.txt
6fdaba59b4e9310ba025deaaee16eac27881b453e18c26f18a4870a8bd54af1f	quarantine/under-review/lb-phone/lib/client/keybinds.lua
789173c1fadc61464c7f6d340203f39a33979ccf76996f8f55b4b8fde5ecae56	quarantine/under-review/lb-phone/lib/client/READ_ME.txt
360d6f02a057259fbbfdd39c17b9d846a5dd04011b889d63e8ca621c0516f7f8	quarantine/under-review/lb-phone/lib/client/registerCallbacks.lua
3b309cec2c26edc743cf28d8c588a529c845da8d1089971258dd323cb436d845	quarantine/under-review/lb-phone/lib/client/triggerCallbacks.lua
789173c1fadc61464c7f6d340203f39a33979ccf76996f8f55b4b8fde5ecae56	quarantine/under-review/lb-phone/lib/server/READ_ME.txt
f3eb4d4f78d9cd73997e59ce4e33549ebb5e012cd6d254b338a9ac929a727172	quarantine/under-review/lb-phone/lib/server/registerCallbacks.lua
e75ff0a29d076b6e03bf421576454b6996d6ba40efaee7859af4ab1c40239b2b	quarantine/under-review/lb-phone/lib/server/triggerCallbacks.lua
671280dec53d2e0a7f9ca4682a761c95ff83257b7348ba2d8e743544104a6d7b	quarantine/under-review/lb-phone/server/apiKeys.lua
87bd40d22be9b66e8a28ae21cc71587f0bd42ae524ffa1c720ccd8cf2938e8a6	quarantine/under-review/lb-phone/server/server.lua
7097566e4588c73174f87ee075cfb7e4e55ac51330b4eba5519f8ccb3d4c9e4a	quarantine/under-review/lb-phone/server/versionCheck.lua
26026b551d5885548145c7463099388a5bbd1b133b6cdbdb84ee06718f1adc99	quarantine/under-review/lb-phone/server/apps/custom.lua
a519cfdbfbfaec1b7ff826914d26702edd4c62e99ab93556435e0b7da96fedfa	quarantine/under-review/lb-phone/server/apps/default/appstore.lua
8ab51e7a7342d704dab4c3dbbc89b6276c1723e91e0793a78002b310f0291fcc	quarantine/under-review/lb-phone/server/apps/default/camera.lua
6ec8b4a784520184e9d9f74fc9630bf9d723451b3417a1bafb8857866a182a25	quarantine/under-review/lb-phone/server/apps/default/clock.lua
e4e2687d37256971686839580c2b22d2bc1d3da931ea8fb76514b0d55fe3f7c4	quarantine/under-review/lb-phone/server/apps/default/mail.lua
e26df2b14e5150fb42da3dd218b7cbfd7a4f448bf955c879ccbf1037d7d5b303	quarantine/under-review/lb-phone/server/apps/default/maps.lua
59733fc255aff29fa6e900c776acb6c77217a80b65f3da14cdcaaec20d94d4d3	quarantine/under-review/lb-phone/server/apps/default/messages.lua
e1293402801f9447c7fe3d4e854d11236177bd1f192b85ee9cba6797282069f6	quarantine/under-review/lb-phone/server/apps/default/notes.lua
43342e9189da1fdfbfb5440624335002cee7cbbea3b27cadd4aa8988fc7253b1	quarantine/under-review/lb-phone/server/apps/default/phone.lua
05984865135f60357b74fa4e231b5ff8f5cf9bbbc3db2f63cf43c69d0926a29f	quarantine/under-review/lb-phone/server/apps/default/voicememo.lua
632e6380ee08e60cce1d7447c918c2f280487ec00642ab7515594d5cc5b3f0fc	quarantine/under-review/lb-phone/server/apps/framework/garage.lua
789173c1fadc61464c7f6d340203f39a33979ccf76996f8f55b4b8fde5ecae56	quarantine/under-review/lb-phone/server/apps/framework/READ_ME.txt
5ae4267103748ffbbbd8d96bf734322cede32ec1d0405bc5f44664f44f3c481f	quarantine/under-review/lb-phone/server/apps/framework/services.lua
22ba7bd4daed53787329a2aa5d82e49aebb826d2a5fb1594f2c62e196da86ffe	quarantine/under-review/lb-phone/server/apps/framework/wallet.lua
7e01c942785cea428aca7dcfc910d661d643f6a4b508337fb814146314b6dcd7	quarantine/under-review/lb-phone/server/apps/framework/home/loaf_housing.lua
ba50efea7d8d040c31ad60e81b87b64dba24ffeb8950a720ec41bf2937f740ed	quarantine/under-review/lb-phone/server/apps/framework/home/qs-housing.lua
789173c1fadc61464c7f6d340203f39a33979ccf76996f8f55b4b8fde5ecae56	quarantine/under-review/lb-phone/server/apps/framework/home/READ_ME.txt
d69f92975cde19d01423037ed2fff53e58d547567810c857ff1c6a61902b73c2	quarantine/under-review/lb-phone/server/apps/other/crypto.lua
88677a4c4e250e737c1cce2d321562bdce4cd0d8f84106771fc8edd1c28729b6	quarantine/under-review/lb-phone/server/apps/other/darkchat.lua
4e61f9c3e413bb31e7b23953d9115a23b99b762690e9d454cc5f2f62c6ab5bc0	quarantine/under-review/lb-phone/server/apps/other/marketplace.lua
5bb984b21d947f1f6f90212ef664dfbf7622900e57d42bff0fa44019bca85892	quarantine/under-review/lb-phone/server/apps/other/music.lua
00671006b3b2ec879dc028bf4c5ba5a6b46028511c2a655612c7768d2af41477	quarantine/under-review/lb-phone/server/apps/other/yellowpages.lua
8a02d17458db817b58c9db2ce3d55019fe9bd8b189b993512654432de1598609	quarantine/under-review/lb-phone/server/apps/social/instagram.lua
f2bf077e47a0a1736e0bea2ea1800bfa51ed8356e86f817c15ce4f1cceec7c5b	quarantine/under-review/lb-phone/server/apps/social/tiktok.lua
c418c122cf12bc039aaf27ab4e0f0ddf3bff08f427924870454dff271474ad45	quarantine/under-review/lb-phone/server/apps/social/tinder.lua
cfc7a41372f8da3c02b3d88a9e119d60b385de2de2aa7d93ea808cda3ec26632	quarantine/under-review/lb-phone/server/apps/social/twitter.lua
21875427accb54605181cdce99dccac482b474eecde99fd6ea37858e5af9f094	quarantine/under-review/lb-phone/server/custom/frameworks/ox.lua
99c7ef4418973af69d1bf88fe78ba8534db49993daf2b00fe5e06a3de62c618f	quarantine/under-review/lb-phone/server/custom/frameworks/vrp2.lua
d46590c866e07b86ae3abee13125c54c465fd4b53e8841defe45ba8555ce6388	quarantine/under-review/lb-phone/server/custom/frameworks/esx/commands.lua
5da045833b662a8b2830e30aef219a785cf230038b23aebe7134aae7cd4d018e	quarantine/under-review/lb-phone/server/custom/frameworks/esx/esx.lua
9208a3b071cb8d1afd27c28e0704de8ad5e2a6a0100d3a4b5ddb54a9823c2c3e	quarantine/under-review/lb-phone/server/custom/frameworks/esx/money.lua
789173c1fadc61464c7f6d340203f39a33979ccf76996f8f55b4b8fde5ecae56	quarantine/under-review/lb-phone/server/custom/frameworks/esx/READ_ME.txt
9dd326e8d9504dfbaf317371fbe0f1e3feac4a47ca7ba87b37341d8df9497c19	quarantine/under-review/lb-phone/server/custom/frameworks/esx/services.lua
bc901cf201d7b8966367ad6177f89fceb0d2bcacab0b55a2332cc4ff3bf56fda	quarantine/under-review/lb-phone/server/custom/frameworks/esx/vehicles.lua
885112e7972b4767007dcd554be01fca7dd4143536586f3aac499d8f79d9c18f	quarantine/under-review/lb-phone/server/custom/frameworks/qb/commands.lua
323588d0a95f822e2c46eaf640f834fe5bb2a221f11e22c5be87526353f52022	quarantine/under-review/lb-phone/server/custom/frameworks/qb/mail.lua
8a54c520ca62e119e22c453318e8aea419054cfa0f69be4b771873a05f83c40a	quarantine/under-review/lb-phone/server/custom/frameworks/qb/money.lua
2996aac7882dcc8fae2466d3c99368061961bd92dfc3eb107b89024c1e164983	quarantine/under-review/lb-phone/server/custom/frameworks/qb/qb.lua
789173c1fadc61464c7f6d340203f39a33979ccf76996f8f55b4b8fde5ecae56	quarantine/under-review/lb-phone/server/custom/frameworks/qb/READ_ME.txt
46fc0f902342a2bb1d38338d106e199f55e1727d1a5f4f25639890faab1a56e9	quarantine/under-review/lb-phone/server/custom/frameworks/qb/services.lua
be3777b6a33b5beb692cb738d1ef355c5c4f819cd9e914bc36e15068dbcaf3ad	quarantine/under-review/lb-phone/server/custom/frameworks/qb/vehicles.lua
6a1a6176ea6bc054b87e1380ba0281fd90a56aed0f1f401a2f56300ab8eba314	quarantine/under-review/lb-phone/server/custom/frameworks/qbox/commands.lua
3fc8f6e17d1745387c1989fbf8268674bcb6676ec130fab8f68bbe785eac20d1	quarantine/under-review/lb-phone/server/custom/frameworks/qbox/mail.lua
7838cefaaf9c06fd06d591167ee7053be8b06ed13043c4abd8524ba02e04bc2c	quarantine/under-review/lb-phone/server/custom/frameworks/qbox/money.lua
fe2b1eac31adbecf5b7c60af3f5ac971f2215dfe8d9310382c109863813f71a8	quarantine/under-review/lb-phone/server/custom/frameworks/qbox/qbox.lua
34bfd873758c9edecbd5cdbe0d8327757319324595b9b48d5fcb0ac34801076e	quarantine/under-review/lb-phone/server/custom/frameworks/qbox/services.lua
fc9ebdc69c880c15c74b739a7c9c8c0ad1380650ee23ace3a30c4accb8fe9774	quarantine/under-review/lb-phone/server/custom/frameworks/qbox/vehicles.lua
d70c6573dd2e611d3ffbda99ed0b1a6c3e2c3121924b21c28641d98746ab6070	quarantine/under-review/lb-phone/server/custom/frameworks/standalone/commands.lua
4d5cf670a5f16b684f397cf2b13404b219a3f94e8b63232d44a36a1868486d19	quarantine/under-review/lb-phone/server/custom/frameworks/standalone/money.lua
540d6096cd79642ed64510465f816dded6d0ee61deeb3cc5fe531ba50101044d	quarantine/under-review/lb-phone/server/custom/frameworks/standalone/services.lua
b5c0964142cd58a4bc7daa206662c2acd1547e531692e3dd5678b2e259842b13	quarantine/under-review/lb-phone/server/custom/frameworks/standalone/standalone.lua
c77b155606b5f9c7478a91678d31f19d7173f2ef4d7a1795851bafc0571fa3ef	quarantine/under-review/lb-phone/server/custom/frameworks/standalone/vehicles.lua
1938305a8d5422b573d5adb1cf15c6596a0af864179c6159a5538a7460d37d09	quarantine/under-review/lb-phone/server/custom/functions/blacklist.lua
2b23106c197a022017160fdf6b6d59a78122e4274c60f25e65d3267a3a1dbef6	quarantine/under-review/lb-phone/server/custom/functions/entities.lua
a0ce8e09d6cbe9c57815d3adea87fdb9a1867d39594052cc14572b152c9f675a	quarantine/under-review/lb-phone/server/custom/functions/functions.lua
599d2484a5a4977604e645cf84e1efbd0052d874c2f1f225a11ddfa75f9ec7c8	quarantine/under-review/lb-phone/server/custom/functions/htmlToMarkdown.lua
f6118a428a617bccb488ddf7cf9e945da05b0ab243035ffc462be9f70c4eaf0f	quarantine/under-review/lb-phone/server/custom/functions/item.lua
b3c1a3d22834613f532061c10bcace01d72365c5ac14063584bf3ee1d956f6d6	quarantine/under-review/lb-phone/server/custom/functions/logs.lua
86de08a218c883c0a20af854fb68e0d94cb8c0ecb61ff2789282baac39349b2e	quarantine/under-review/lb-phone/server/custom/functions/misc.lua
789173c1fadc61464c7f6d340203f39a33979ccf76996f8f55b4b8fde5ecae56	quarantine/under-review/lb-phone/server/custom/functions/READ_ME.txt
323c426a1e98e52aec79d98b8483846e7cbb67f3c972bc119d7f9d04c62ba32f	quarantine/under-review/lb-phone/server/custom/functions/voice.lua
e858ebf28626e936c2625f40c9ea8622277b53c56d0a5d214772d52dc8023016	quarantine/under-review/lb-phone/server/custom/functions/webrtc.lua
af472a365aa03372d6f366ba5df0828bd15f650515e53eb50a8a25ff17b64cb5	quarantine/under-review/lb-phone/server/custom/uniquePhones/codem-inventory.lua
1518122600ca3ddd6bb81141dc32dd77e106174cd0703f49dcd1e95b6472b85f	quarantine/under-review/lb-phone/server/custom/uniquePhones/core_inventory.lua
d31964980df6cf4183d3759cb56565028b76dcbaab9c8cbf63f2c6aba823a2fb	quarantine/under-review/lb-phone/server/custom/uniquePhones/mf-inventory.lua
891fb839d3664347d8cf14fbe15e1d33368948a076f20b3a9e5b0fc5096d2f2a	quarantine/under-review/lb-phone/server/custom/uniquePhones/ox_inventory.lua
e832651443c89532515ae89c536000251dbed41203d530ae0182d306b0f6490e	quarantine/under-review/lb-phone/server/custom/uniquePhones/qb-inventory.lua
013fc1f9de226c55ee3024baec0d94e075d12f79dcfc70515b90782c938b4ccd	quarantine/under-review/lb-phone/server/custom/uniquePhones/qs-inventory.lua
078b5763e4184dec8d9f158fef36513b50e177b2651701dad42be2076e9f9506	quarantine/under-review/lb-phone/server/misc/accountSwitcher.lua
64ec6496ddca29c6c8acd12fa8fb41b160bd903e3e177e6056b2dcd3b06b35a4	quarantine/under-review/lb-phone/server/misc/airshare.lua
21f595e9d3971f81c95343aacbffc5d983322e45ee6f96287c896d2b24954270	quarantine/under-review/lb-phone/server/misc/autoDeleteNotifications.lua
3c532bc0ba516ca2a74b5e14e0c69eb6b20ab9de73f911a5ab508dfb81f9d453	quarantine/under-review/lb-phone/server/misc/backup.lua
e3ab1ef3a34671cb37031678c698076461dcbc8fcbe6d4b49d0d65ab461443fb	quarantine/under-review/lb-phone/server/misc/battery.lua
1feeaffd01b7077ac164455e0b63724b5ed8e76474057968e53d78918330ba6e	quarantine/under-review/lb-phone/server/misc/debug.lua
5af312ee92624e179eef6a0740aa1ae9e249221b9367fa61eed1c0d244e7b341	quarantine/under-review/lb-phone/server/misc/errors.lua
b4bca9e4cd86ed0da7566d137ee9ab8e0e76254ccc0638cbd30314dcaca90c51	quarantine/under-review/lb-phone/server/misc/exports.lua
4ff867a86bb7ad959764c207a004436ab00769a1cf1eba2a83413b5759b888dc	quarantine/under-review/lb-phone/server/misc/notifications.lua
6a7ad712a8dbd473a07d38741fdd84303e11e3b12127080aee21f9deab942778	quarantine/under-review/lb-phone/server/misc/security.lua
e933c811239f3654aeb69717ea04659ecb9be0e873ff9c624ca99534ce6e947a	quarantine/under-review/lb-phone/server/misc/statistics.lua
12f4f28b8885974d3db4d8b0be99275e093a08fa51b60c6bd03aedc91acc3d3f	quarantine/under-review/lb-phone/server/misc/databaseChecker/databaseChecker.lua
86bdd4ba244f97ada1db8465836b9e01515688fb0c2b3dbf0923d27fae6af599	quarantine/under-review/lb-phone/server/misc/databaseChecker/defaultTables.lua
789173c1fadc61464c7f6d340203f39a33979ccf76996f8f55b4b8fde5ecae56	quarantine/under-review/lb-phone/server/misc/databaseChecker/READ_ME.txt
20e4bb714f609cb3a8dab6cf5d08bce009f82762d49349a342036500e51adc1b	quarantine/under-review/lb-phone/shared/functions.lua
789173c1fadc61464c7f6d340203f39a33979ccf76996f8f55b4b8fde5ecae56	quarantine/under-review/lb-phone/shared/READ_ME.txt
7131fb41f08d893bd1595f91cb874e74b42b844c014709a0c772619831c24308	quarantine/under-review/lb-phone/shared/upload.lua
9b9ea98fa43aae6195be1e00bba6e59078fb0dbf7c15f5075776e4852d2430a4	quarantine/under-review/lb-phone/ui/components.js
789173c1fadc61464c7f6d340203f39a33979ccf76996f8f55b4b8fde5ecae56	quarantine/under-review/lb-phone/ui/READ_ME.txt
21d0f9fa98b6d9fd5f514c7e521f00b604a489010e45c69c5574e8304975d754	quarantine/under-review/lb-phone/ui/dist/index.html
789173c1fadc61464c7f6d340203f39a33979ccf76996f8f55b4b8fde5ecae56	quarantine/under-review/lb-phone/ui/dist/READ_ME.txt
75bc38e9a08530a012da5b7c5e59427c9a5e4ee1506e6b5fb68de94ec925498d	quarantine/under-review/lb-phone/ui/dist/assets/audioRecorder-c5089776.js
b0fea187c5d6bc633f633effe3b6d192034c3150f213e0d4fea99417cd90fc6c	quarantine/under-review/lb-phone/ui/dist/assets/Calculator-b72da82e.js
d63b63553bd03a00eabb6091794c90f828460bd4cac9d59492da34628a328900	quarantine/under-review/lb-phone/ui/dist/assets/Calculator-d63b6355.css
78fe405921e9705b9acfe67759a804931eb21bb291932a4eeaacbbfc609e2c95	quarantine/under-review/lb-phone/ui/dist/assets/Camera-78fe4059.css
1cd6537e24c33fac7f00d163634f25a7e3fc8046bfe1c7c8c60a82b5a2de78a0	quarantine/under-review/lb-phone/ui/dist/assets/Camera-b4bbc37f.js
1807fc2ec53fb4c53cfa2095af49deec4cf0d4eda146f00ff894ded985de0d76	quarantine/under-review/lb-phone/ui/dist/assets/Clock-084c17db.js
417e1cfae380dd6a3b72fde8c0f3f1ee619549f49c4c5866127f81f55116c755	quarantine/under-review/lb-phone/ui/dist/assets/Clock-417e1cfa.css
331a3a103e0cba998f4f12b3e006e92563be17f10eb2fa63001f827ffb629017	quarantine/under-review/lb-phone/ui/dist/assets/Crypto-331a3a10.css
69ca8ef58a402bff7c24f49bcec2812756abb8e708fe6f73c68ecda4f895b4bb	quarantine/under-review/lb-phone/ui/dist/assets/Crypto-6537038c.js
7935fc81ef801f1041b1fa9e3be7d44ba5c514689a80c0ff51c0685fc90f16d5	quarantine/under-review/lb-phone/ui/dist/assets/DarkChat-690e8bdb.js
dc8d68e16c5fe0da9af4a9dedeb30db7ac35ca32b7e474e9c215527f6ed33ed3	quarantine/under-review/lb-phone/ui/dist/assets/DarkChat-dc8d68e1.css
411b404509099274a0433ba8ebbf6b6e88aa6f8c5939ed92aae545e2025d3bcf	quarantine/under-review/lb-phone/ui/dist/assets/Garage-411b4045.css
08cbe3fc8cccc2bcf6cbf5f853b15d51e2de64affc9bef11d717af7d043e61dd	quarantine/under-review/lb-phone/ui/dist/assets/Garage-9a69e679.js
af1bfdf697473fccf1b482027a0412f67b3b45e6efe9fe49d53fe58cc8265a5b	quarantine/under-review/lb-phone/ui/dist/assets/Home-509572fe.js
f3e4e92c1ab84d50f4aa31a7b9304a0eb5a476f4ebaff7f3aeaba5afc64ed510	quarantine/under-review/lb-phone/ui/dist/assets/Home-f3e4e92c.css
5a998551029829930a395fb6bccaa00fbbaa2b57f9ae7244d7c44fe93cbf6bdd	quarantine/under-review/lb-phone/ui/dist/assets/index-5a998551.css
737657f9dae3c2a53a1766dade87de847bcb265e8460572a418a96f4ea83bb7c	quarantine/under-review/lb-phone/ui/dist/assets/index-a04bc7c5.js
28c653f3753ccc8388c010ab61a176a6ac5783f69adb00a05e6c45e935a461e0	quarantine/under-review/lb-phone/ui/dist/assets/Instagram-cc475564.js
ec35ae8c84a20856804cf820a0c84ce170199040137c477f59d44ce2b8218b02	quarantine/under-review/lb-phone/ui/dist/assets/Instagram-ec35ae8c.css
c586abe3efcd890e1b14afd6f9024746990e3d24de646c8340ecca0623f49c53	quarantine/under-review/lb-phone/ui/dist/assets/Mail-851c9e9d.js
ef7ecb46a48bf5cc337dbb79504172a6daefadb82d444208f103fce6c5c177c8	quarantine/under-review/lb-phone/ui/dist/assets/Mail-ef7ecb46.css
6d238fe947e8f0b5c895bd4a29a943ea6516b10ca1a3d5a368ca5b21715f06bb	quarantine/under-review/lb-phone/ui/dist/assets/Maps-6d238fe9.css
61ee03eb042f777225cd254d3894d3201dc78499dcb868a9f71bc88e1d503391	quarantine/under-review/lb-phone/ui/dist/assets/Maps-6f0d30bc.js
67be7aaa98043ae23bfeff8f254dac5b264ae37b841d543fb4f052abbb692ed9	quarantine/under-review/lb-phone/ui/dist/assets/Marketplace-ae19e30c.js
e2ca14a75b4ea7264f6ec73dd23423560abb3ad0b30aa586d84708e50cddc803	quarantine/under-review/lb-phone/ui/dist/assets/Marketplace-e2ca14a7.css
a767cc1e1a03a764d57e5a62f02d98ff9e4a4cd22ba96ff687b9e02606676f01	quarantine/under-review/lb-phone/ui/dist/assets/Messages-a767cc1e.css
682238a57fe7f0dfa987352cab436b88db96bdc84cb3fb4ab34ca966f4b3af91	quarantine/under-review/lb-phone/ui/dist/assets/Messages-bac002b4.js
41926844bd4287ed30e66c24107bc30c806584d5c14b80d80b50b9ddfd952773	quarantine/under-review/lb-phone/ui/dist/assets/Music-41926844.css
049caaba70b59af79ac618e86894a6bdc65f64c13417a856a4b27b3a81cc4e0c	quarantine/under-review/lb-phone/ui/dist/assets/Music-72549715.js
514c893bc8992003cbd3ef5c277089ca92705f263c99ebed0ae4b6f3c4e8ee68	quarantine/under-review/lb-phone/ui/dist/assets/Notes-514c893b.css
d3a630717ee06d81b6ee798f63b80cc4637581c1ebead79c3f88f3c5c9050247	quarantine/under-review/lb-phone/ui/dist/assets/Notes-b317722e.js
96b74423b02318ad7030ed5825cda4404a5afcc70900374c3e39b767f920f2f6	quarantine/under-review/lb-phone/ui/dist/assets/Phone-391afcda.js
6c76e5cfa25f581e3f2b0a187f26821693c7ca6251521603fd50d83fc708dc7f	quarantine/under-review/lb-phone/ui/dist/assets/Phone-6c76e5cf.css
789173c1fadc61464c7f6d340203f39a33979ccf76996f8f55b4b8fde5ecae56	quarantine/under-review/lb-phone/ui/dist/assets/READ_ME.txt
fe087084849afce4137048d5cf4368a855bf57262e6dedfd38818889989a706b	quarantine/under-review/lb-phone/ui/dist/assets/Services-a6533701.js
fa1047b6611762cdace7a38ad2cd3f510f8f3db17731fb2b9fb34d7e5921bc65	quarantine/under-review/lb-phone/ui/dist/assets/Services-fa1047b6.css
a0478601ef9a91c72ef1aa84ce6249ab0bc044e528df961db7e012fb13f4f83d	quarantine/under-review/lb-phone/ui/dist/assets/Settings-a0478601.css
a398b7ddf756eb06a54a99c33261df9da348c9c8d2a90107617c4f910aeab31f	quarantine/under-review/lb-phone/ui/dist/assets/Settings-f277c91b.js
6ff4fc1948478fdda0126506a3138fe73b01bcf28c1f311a53665265a467a77c	quarantine/under-review/lb-phone/ui/dist/assets/Slider-6ff4fc19.css
a6c8e32ca392fe5f2b0fb3fbb7411252509345a7eb47ae645691d250e3afbb69	quarantine/under-review/lb-phone/ui/dist/assets/Slider-ce3bd25e.js
0656aa7b24d7ba86e3b75f1f37d603a3075efbf6e3139e1d4fbb639084ae66af	quarantine/under-review/lb-phone/ui/dist/assets/Switch-0656aa7b.css
d15fa2e6bfec3a6ab855547336651faeb26d76428bd5c54508582b778dde77b0	quarantine/under-review/lb-phone/ui/dist/assets/Switch-1ce279b8.js
beeec3f6b37c9281fed83cc9a8d339bac8a3785c88674728bc5fc0234b18a988	quarantine/under-review/lb-phone/ui/dist/assets/Textarea-63971279.js
54a1510d594494dedd88916b3ef967595ed1235ce44eaaf82f2d47cd3db8d0b1	quarantine/under-review/lb-phone/ui/dist/assets/Tiktok-54a1510d.css
288369e0a29e44eeb5a59179283147511437817457a23c715876abdbde183a16	quarantine/under-review/lb-phone/ui/dist/assets/Tiktok-826a5ded.js
2f42ea3b14f7ccca4bd750e959f963a8a0c8cbba1b3efa577de7de9571fd4a57	quarantine/under-review/lb-phone/ui/dist/assets/Tinder-2f42ea3b.css
a5eb681840da14b164847c0766fbb7322ef2b0c8f77287320052f95e37e86bde	quarantine/under-review/lb-phone/ui/dist/assets/Tinder-55f27fe4.js
e0b5195db1717cce9c16dd817e8d0587bcc1c77b11062e610b6c9c4cd75806d7	quarantine/under-review/lb-phone/ui/dist/assets/Twitter-e0b5195d.css
5a1e1050f53e65e5b5a9fef73bc040e5eea0439beffdde3d2e76d61fc19475ea	quarantine/under-review/lb-phone/ui/dist/assets/Twitter-fc6f287f.js
4841c31c5823e505c66f5e94a67172a52c84d381430105655e3825cadae2a6d7	quarantine/under-review/lb-phone/ui/dist/assets/VoiceMemo-16e8b381.js
e6e12523fa052060ac737bd0a3e541a1122eed59b76e85d6042d039b2ad481b5	quarantine/under-review/lb-phone/ui/dist/assets/VoiceMemo-e6e12523.css
16eaf2429468b85feb9e3b000f2c894a3a5bbe4f97a1d2e3682067edfa8b9b75	quarantine/under-review/lb-phone/ui/dist/assets/Wallet-16eaf242.css
ddc09545042059d3feb5f83465e7fe33b2045c6b479d5e2a6f8207754cafc59c	quarantine/under-review/lb-phone/ui/dist/assets/Wallet-2f33ee80.js
a7b691ed222f334fbeeabb5e4575d155f882c9ba1edefb53a8c253865849581f	quarantine/under-review/lb-phone/ui/dist/assets/Weather-518fdfa9.js
c7cd641ca435a2e4398d43cc052c192a7a4717f675a78ddd9dd4ef2054995574	quarantine/under-review/lb-phone/ui/dist/assets/Weather-c7cd641c.css
31983f54001bf4ba3485022bdbcc90dba812455a3d125168c4d9f0a0c9191e5d	quarantine/under-review/lb-phone/ui/dist/assets/YellowPages-31983f54.css
c2f0a6b8875efe5a7a35f0750f62bb74729dbf4c9da79a7666d47366db024d14	quarantine/under-review/lb-phone/ui/dist/assets/YellowPages-79f70333.js
789173c1fadc61464c7f6d340203f39a33979ccf76996f8f55b4b8fde5ecae56	quarantine/under-review/lb-phone/ui/dist/assets/fonts/READ_ME.txt
583d89b4dee24140d8c2228b55a5b71668c172c06ee2a7c71e1d1892b2eb01d7	quarantine/under-review/lb-phone/ui/dist/assets/fonts/lockscreen/AbrilFatface.ttf
fe89761b34b97094f762a7e4adc363ba7b330f043610820af6edc6dad54a0475	quarantine/under-review/lb-phone/ui/dist/assets/fonts/lockscreen/Gloock.ttf
2c48a3af6661eb2742c68484d55f5e3ad10f5b86c42c17517c6ff6c15dc4c543	quarantine/under-review/lb-phone/ui/dist/assets/fonts/lockscreen/Library3am.otf
5d2c9f43d8cb4d49481a39a33cdc2a9157b1fcbfb381063a11617ede209a105c	quarantine/under-review/lb-phone/ui/dist/assets/fonts/lockscreen/Limelight.ttf
1565b395f454d5c2642d0f411030051e7342fbaf6d5bfc5da5899c47ecd3511e	quarantine/under-review/lb-phone/ui/dist/assets/fonts/lockscreen/Monoton.ttf
781ed063526ea50c2ad66095143cd4fdc1033cec21849adca980c09a0a7d5ba2	quarantine/under-review/lb-phone/ui/dist/assets/fonts/lockscreen/Nunito-Black.ttf
5cb845fbf16e0b5b2926d99892edf40b987b3917f2e69d35b7434d6718014cbd	quarantine/under-review/lb-phone/ui/dist/assets/fonts/lockscreen/Nunito-Medium.ttf
14662d7e89353caa2c6a5265e4173cd7486bcaac9f7f47c9540c5dbc984f9580	quarantine/under-review/lb-phone/ui/dist/assets/fonts/lockscreen/ProtestGuerrilla.ttf
789173c1fadc61464c7f6d340203f39a33979ccf76996f8f55b4b8fde5ecae56	quarantine/under-review/lb-phone/ui/dist/assets/fonts/lockscreen/READ_ME.txt
f8e841e86666be323beac64ce57be0356e49e16d686cdadb1528850519af288d	quarantine/under-review/lb-phone/ui/dist/assets/img/avatar-placeholder-dark.svg
ff22401588e0f6f955134a55e1bf775d49cae0ccf30d1c199798d0539f650f3b	quarantine/under-review/lb-phone/ui/dist/assets/img/avatar-placeholder-light.svg
a440f4affee471825f2f81b25c01c57a009a67a171fbe80f6d0327358f72a567	quarantine/under-review/lb-phone/ui/dist/assets/img/blacklogo.png
97ee94df1f99796325ac8e1fc0267e84f534dc3f9c855d8a93d7eb60d6c36839	quarantine/under-review/lb-phone/ui/dist/assets/img/card.png
470b5f64baefa349b43584390ad672039221ba1e8be286985424f7836ee4abcf	quarantine/under-review/lb-phone/ui/dist/assets/img/cryptogradient.png
2a90f1fc2a69bb7cc7e92718c2d7bba09cd3db9a9020c8ee69978616acb4cd7b	quarantine/under-review/lb-phone/ui/dist/assets/img/dark-mode-placeholder.webp
d0ac0ec6820c79642db90734c432585bb8f0b14e4de013ad94faa83b424522a7	quarantine/under-review/lb-phone/ui/dist/assets/img/lbos.webp
82854b78dfd8626a17e735f725c52b47992642d1c34a41784b4e01b583b36ed3	quarantine/under-review/lb-phone/ui/dist/assets/img/light-mode-placeholder.webp
f38ead0e032f066c93ac1a6c0b0b3432fc841f0dba2cf45ae93f45bada5426bd	quarantine/under-review/lb-phone/ui/dist/assets/img/no-pfp.png
18fc9c99d427d1cf2c2eac406c9441fea0db8eb9c3b257632cd5bed4e6af40f1	quarantine/under-review/lb-phone/ui/dist/assets/img/placeholder-dark.svg
14605375e494d4aa3ba0d28915ec5f78477039064549d99c119cb69b4fc97e94	quarantine/under-review/lb-phone/ui/dist/assets/img/placeholder-light.svg
789173c1fadc61464c7f6d340203f39a33979ccf76996f8f55b4b8fde5ecae56	quarantine/under-review/lb-phone/ui/dist/assets/img/READ_ME.txt
789173c1fadc61464c7f6d340203f39a33979ccf76996f8f55b4b8fde5ecae56	quarantine/under-review/lb-phone/ui/dist/assets/img/backgrounds/READ_ME.txt
06cf3a064cfdb52286bcc106fb8c5600d769b6f550c8585aa84b2dd6ee5d2c79	quarantine/under-review/lb-phone/ui/dist/assets/img/backgrounds/default/Boat.jpg
631c636b7b65e34c89b5d11e012e49883e8eb870e980447c4f647ec629a658fb	quarantine/under-review/lb-phone/ui/dist/assets/img/backgrounds/default/cactus.jpg
cdd8f4dbb5a7ebcd5c036636a492edecdaef86443bd27647fc82fa0c7176e0f1	quarantine/under-review/lb-phone/ui/dist/assets/img/backgrounds/default/cloud.jpg
8ae05adaa77d06327cf37701d91c8be39ea29849a6cad45e98e79ea980aa6835	quarantine/under-review/lb-phone/ui/dist/assets/img/backgrounds/default/cloud10.jpg
494de28c7c2e5c668187dd28769a0d0296ac664ef04d3d58a3322bc2d6a371bb	quarantine/under-review/lb-phone/ui/dist/assets/img/backgrounds/default/cloud11.jpg
e7ac3d68583b217903bc48c2cf735dcdb03bf08a8a2bd606f05c337e40f13c88	quarantine/under-review/lb-phone/ui/dist/assets/img/backgrounds/default/cloud12.jpg
74ee74793482a962147fb188761042d7b82a8c5fc7e3421ccd7b65175eca9b60	quarantine/under-review/lb-phone/ui/dist/assets/img/backgrounds/default/cloud2.jpg
a5995de671b5a984411912599c0fd24415c7605cd40714241d9c006f3604041d	quarantine/under-review/lb-phone/ui/dist/assets/img/backgrounds/default/cloud3.jpg
868190ec3e8b1550249707ccbce3bf5f678fe149d6d5ae6edb2453e85b6fb344	quarantine/under-review/lb-phone/ui/dist/assets/img/backgrounds/default/cloud4.jpg
df039c378071ef27d1b47c0088d106b0f6f9901af73311267dbc8e8282d93ff0	quarantine/under-review/lb-phone/ui/dist/assets/img/backgrounds/default/cloud5.jpg
a0b650761af0ba072a95c2b615567092ace1d6b1ec803a5e2faba304f8fdbe97	quarantine/under-review/lb-phone/ui/dist/assets/img/backgrounds/default/cloud6.jpg
6035ea83475fcd33dfbfb28e8604d4c6c7beda9c6fd56e7764e73bd2a128eaa1	quarantine/under-review/lb-phone/ui/dist/assets/img/backgrounds/default/cloud7.jpg
74f9b1ad25b9f061d938aec29388dcdcbe782be6cc3710dc83688e9c756d2094	quarantine/under-review/lb-phone/ui/dist/assets/img/backgrounds/default/cloud8.jpg
059200519a5931ed4c338ec53d1357c46a99d4562ef45addd9eba95555ee3b01	quarantine/under-review/lb-phone/ui/dist/assets/img/backgrounds/default/cloud9.jpg
fca1aef5ff7c25d13bb5c9cf2b236369d15b8f905911bf341cbf8726486c06b3	quarantine/under-review/lb-phone/ui/dist/assets/img/backgrounds/default/default.jpg
1aa62931543a60fbcc441deced9475e89283ab3b8b2629043d5e4140af2b0b6a	quarantine/under-review/lb-phone/ui/dist/assets/img/backgrounds/default/desert_01.jpg
442fded4df0445c7f53c29f0c42aa26d6831d72ed58e9fe2ad5d690cd278331d	quarantine/under-review/lb-phone/ui/dist/assets/img/backgrounds/default/desert_02.jpg
ec8478e14a1dd72f43a55ee1bd37cfd4c1eb8c1322b5c019075921b893478d37	quarantine/under-review/lb-phone/ui/dist/assets/img/backgrounds/default/desert_03.jpg
1d9123a6ea592fbeabc0202a922cfdd3bce52716baa2d4b119c050bd00862e30	quarantine/under-review/lb-phone/ui/dist/assets/img/backgrounds/default/desert_04.jpg
ba211d77d38cbbdcaa5f5112e3dc7598a0e610497c62822ef319394cc9633f3a	quarantine/under-review/lb-phone/ui/dist/assets/img/backgrounds/default/desert_05.jpg
a68408d781f529434e210cf261c43fb529754659e300bbc9385a71441ecc0a83	quarantine/under-review/lb-phone/ui/dist/assets/img/backgrounds/default/Globe.jpg
ba6aac42cca22fe9fc139af3ba6424c5e601043895c1c6ed700078cb73be8aaa	quarantine/under-review/lb-phone/ui/dist/assets/img/backgrounds/default/GlobeNight.jpg
d706cf553d4fb0709f71b4839505c7d3d3e292423abc5baff6914cf346bee22d	quarantine/under-review/lb-phone/ui/dist/assets/img/backgrounds/default/Lift.jpg
8a2463f575b6717baeb3b0f850b5069f7667e5e4a122b65549d66fc926b0aa8d	quarantine/under-review/lb-phone/ui/dist/assets/img/backgrounds/default/Moon.jpg
cbe3d8df357f864d4580dc06e6d6fc3e3038d133d4b2dae786da54cbd5cc6f47	quarantine/under-review/lb-phone/ui/dist/assets/img/backgrounds/default/mountain_01.jpg
81f25bc69ee74f78d2d12a062c9612020e7d99c0e5e7e7cc1e857bd1494e4405	quarantine/under-review/lb-phone/ui/dist/assets/img/backgrounds/default/mountain_02.jpg
9d793d64d7e124b1b0a43c42d1b66e47b813a78a2bbee05d1e5b353a74e3fef6	quarantine/under-review/lb-phone/ui/dist/assets/img/backgrounds/default/mountain_03.jpg
2cf9829f256bcd262398bfefd5a241512085c76b5738b95a4fe2afa02ecec471	quarantine/under-review/lb-phone/ui/dist/assets/img/backgrounds/default/mountain_04.jpg
a76af93be062cf65e6691aeddf75e352b93d035d9ebb92a5d176bae3e2030859	quarantine/under-review/lb-phone/ui/dist/assets/img/backgrounds/default/mountain_05.jpg
ec5eb8579d47d654e9e5df032f5475a86b8dad8c7858369100a1b0523a6319e8	quarantine/under-review/lb-phone/ui/dist/assets/img/backgrounds/default/mountain_06.jpg
052cb09e3358ff1a4d0f4f3cb100a202ab0a691cea4b6232ad2c6b7805b24438	quarantine/under-review/lb-phone/ui/dist/assets/img/backgrounds/default/mountain_07.jpg
a714815833fefb42a9c07cc6f461bed5e1d99f2f45445b46b635a5777219e5af	quarantine/under-review/lb-phone/ui/dist/assets/img/backgrounds/default/pier.jpg
b9e6df7c4346606d14b8b48464d8b14d1e1d9b5f4c1fdf4ef7427fcc8006bbfb	quarantine/under-review/lb-phone/ui/dist/assets/img/backgrounds/default/police.jpg
789173c1fadc61464c7f6d340203f39a33979ccf76996f8f55b4b8fde5ecae56	quarantine/under-review/lb-phone/ui/dist/assets/img/backgrounds/default/READ_ME.txt
400084b025410c2de56239b7479867b6a89ca74c9f49ac1f21263f5bf9742161	quarantine/under-review/lb-phone/ui/dist/assets/img/backgrounds/default/rose.jpg
35ec4854a3842a1c53ae40094d517b4b0578f0c1526fa6ed13826a34453ccba0	quarantine/under-review/lb-phone/ui/dist/assets/img/backgrounds/default/rose2.jpg
eceec7b92135af7f468ec657424ee31ae9a6664d804c9d29116e5982f667c6a3	quarantine/under-review/lb-phone/ui/dist/assets/img/backgrounds/default/rose3.jpg
4836b77e762ef804b018ca3381fa3f1c8492ef2481d3c076b2c726df2f9cc4d5	quarantine/under-review/lb-phone/ui/dist/assets/img/backgrounds/default/thunder.jpg
65719c0154d19f8a24e923fb2313a2ab1230d59136355161ec017a468ad6040b	quarantine/under-review/lb-phone/ui/dist/assets/img/backgrounds/default/underwater.jpg
908a70f2352e239ab7f1bcf5f237dbd17af56ea3cca25eb23107599ca9d47b8b	quarantine/under-review/lb-phone/ui/dist/assets/img/backgrounds/default/wallpaper.jpg
28767c415216ecc73945f1e50587077db00adfd9e2682484910d39012cf1b883	quarantine/under-review/lb-phone/ui/dist/assets/img/backgrounds/default/wallpaper10.jpg
765a106a47da624383da2f69139a6409bbb3fe721e53e48320fde86447b3c3b5	quarantine/under-review/lb-phone/ui/dist/assets/img/backgrounds/default/wallpaper11.jpg
411d26f02d85ab7ca59cb41f47fbdffe3c092ee9c58739be89fc39de7a8a3aeb	quarantine/under-review/lb-phone/ui/dist/assets/img/backgrounds/default/wallpaper12.jpg
abb37f7bb5752d9870735ba3a2167ea0101f45c19395e3dd3aaf079157fdd56e	quarantine/under-review/lb-phone/ui/dist/assets/img/backgrounds/default/wallpaper13.jpg
379c1530863a246394f0cadb346f9b746f1c54bfc82ca47e59576ff2fc4018cd	quarantine/under-review/lb-phone/ui/dist/assets/img/backgrounds/default/wallpaper14.jpg
86eb3a003b857155b0bff76104e7a394b9a554207600146e37be8c371ff9243e	quarantine/under-review/lb-phone/ui/dist/assets/img/backgrounds/default/wallpaper15.jpg
d929950444665a95900b869a9fda294a6c373c9ccb556e19f9a616cd3deb19aa	quarantine/under-review/lb-phone/ui/dist/assets/img/backgrounds/default/wallpaper16.jpg
482762fdd413ddc0b1f290bbf505269c4d99d8c0ad9dfa394906c869f6a04a23	quarantine/under-review/lb-phone/ui/dist/assets/img/backgrounds/default/wallpaper17.jpg
d436446afcae3bce000c054c583d7ad8ffaa63e256a92d4f596a8ff4b577a424	quarantine/under-review/lb-phone/ui/dist/assets/img/backgrounds/default/wallpaper18.jpg
46b21b1b96606640ed0733cda369fad53033b4ad3df306f92b00e2f3f7d8d911	quarantine/under-review/lb-phone/ui/dist/assets/img/backgrounds/default/wallpaper19.jpg
e43fb7dab1c41442a204142d97488ad4e7ddd461beb107ee99acc373c8e692d7	quarantine/under-review/lb-phone/ui/dist/assets/img/backgrounds/default/wallpaper2.jpg
649be7e13e826cdc2bddd1dc136292c71434160ca99c4e72c07ea52692ff54c3	quarantine/under-review/lb-phone/ui/dist/assets/img/backgrounds/default/wallpaper20.jpg
84bcb70d3b4caed55cfd4d36a860b521420c92d404e7ce2f0f2b7ee2ed553344	quarantine/under-review/lb-phone/ui/dist/assets/img/backgrounds/default/wallpaper21.jpg
1cedacb74ae5b0c1fe553d0d55fa427b178477be22d669f9b14b4684a654283c	quarantine/under-review/lb-phone/ui/dist/assets/img/backgrounds/default/wallpaper3.jpg
b1da7d3b893f2ec71e1cee54e9e5f239168df8e6c8b65ea2bed952d33f0c2de0	quarantine/under-review/lb-phone/ui/dist/assets/img/backgrounds/default/wallpaper4.jpg
8028909974de69a0dd4d7979fde4cc449d4d0000207c0a91b2c7f0aed7d1a474	quarantine/under-review/lb-phone/ui/dist/assets/img/backgrounds/default/wallpaper5.jpg
b197fd3f15e90aeaff059de1977649f6537e61d08293ebdef4cdd79707770206	quarantine/under-review/lb-phone/ui/dist/assets/img/backgrounds/default/wallpaper6.jpg
f850913fa164eae1eda7cb13c13a0e7fc7eabc50b48b5e8a53e111ccc6ce7ff1	quarantine/under-review/lb-phone/ui/dist/assets/img/backgrounds/default/wallpaper7.jpg
f639eefebe2423647410e3df2cc7f0bdf5ba2f877afa1f4c81c7eba8eec6681f	quarantine/under-review/lb-phone/ui/dist/assets/img/backgrounds/default/wallpaper8.jpg
4adcf80d27f930bd9f88690f447a2524308d85999343ad0d485e604f4c609f39	quarantine/under-review/lb-phone/ui/dist/assets/img/backgrounds/default/wallpaper9.jpg
3c5c73748c3f3ef06f9b93ee8c63ba8893398f781016514cd6702498275048ec	quarantine/under-review/lb-phone/ui/dist/assets/img/backgrounds/default/Wheel.jpg
25c899baa418c6bb32a3a83e5b3326772c5b52f8a65c61d2cc4b2e2f5894d47f	quarantine/under-review/lb-phone/ui/dist/assets/img/backgrounds/default/wheel2.jpg
9c837c699b977a7943e7f6ba9464f779fee7a4ccb46b4bee4e0e3111db791779	quarantine/under-review/lb-phone/ui/dist/assets/img/backgrounds/default/yacht.jpg
2f6c93fce085cc539fff0863f1bc4e249459c3afd7aed56fddac5bbfb41536e2	quarantine/under-review/lb-phone/ui/dist/assets/img/backgrounds/default/apps/READ_ME.txt
3f8e58025ec5e82e53a0ca3c1ddd6ae28c812563ac1666ce547d32e19da97966	quarantine/under-review/lb-phone/ui/dist/assets/img/backgrounds/default/apps/garage/1.jpg
bd7a4f37af31efaad0a82dc7a78d28d1512326377f102d034317cf8b3dfed2b5	quarantine/under-review/lb-phone/ui/dist/assets/img/backgrounds/default/apps/garage/2.jpg
2f6c93fce085cc539fff0863f1bc4e249459c3afd7aed56fddac5bbfb41536e2	quarantine/under-review/lb-phone/ui/dist/assets/img/backgrounds/default/apps/garage/READ_ME.txt
cdb6623b48d871ac09a7658950206dd5baded4dfdb46b07ed2bb207a788c3b0d	quarantine/under-review/lb-phone/ui/dist/assets/img/backgrounds/default/apps/home/1.jpg
448417fb925e8418b3023f257a495942ba488d08cbf505d764d235dc746a1214	quarantine/under-review/lb-phone/ui/dist/assets/img/backgrounds/default/apps/home/2.jpg
3a8a74c977dc2fcdee8ce1e78a8231335fc2a3c04e5e0230a8687b1ba80c4dfa	quarantine/under-review/lb-phone/ui/dist/assets/img/backgrounds/default/apps/home/3.jpg
71235e661d458ca41f81caedb4d0016c66b2040dad434c3a007a271762e25329	quarantine/under-review/lb-phone/ui/dist/assets/img/backgrounds/default/apps/home/4.jpg
013f89510d753ce9dca533a25a7a6de700d84efec84693fcf7935d6e7c38d15e	quarantine/under-review/lb-phone/ui/dist/assets/img/backgrounds/default/apps/home/5.jpg
2f6c93fce085cc539fff0863f1bc4e249459c3afd7aed56fddac5bbfb41536e2	quarantine/under-review/lb-phone/ui/dist/assets/img/backgrounds/default/apps/home/READ_ME.txt
579a5979086d42f9c622edf28af87b8bb92880735baef750017f53351a600b05	quarantine/under-review/lb-phone/ui/dist/assets/img/backgrounds/default/apps/weather/cloudy 2.jpg
af4ec34138ee5666c368b4530d1c7facf822b1f7130dbb8b92e32b7da3b40e8b	quarantine/under-review/lb-phone/ui/dist/assets/img/backgrounds/default/apps/weather/cloudy.jpg
ffdab339503656d46bf7a0006d261ee5028eb59fc1b8544fb69157731dce487e	quarantine/under-review/lb-phone/ui/dist/assets/img/backgrounds/default/apps/weather/night 2.jpg
e2904285e306288da02e60408ae6ea30c7244d75498fc5fe4849ecee9ac2e39d	quarantine/under-review/lb-phone/ui/dist/assets/img/backgrounds/default/apps/weather/night.jpg
6329e06544204f27399d9622e59a42abd70e93e337dea344fec52d20392a5f4b	quarantine/under-review/lb-phone/ui/dist/assets/img/backgrounds/default/apps/weather/rain.jpg
2f6c93fce085cc539fff0863f1bc4e249459c3afd7aed56fddac5bbfb41536e2	quarantine/under-review/lb-phone/ui/dist/assets/img/backgrounds/default/apps/weather/READ_ME.txt
88c4c8a06c585557701b165a8bdf23379211a87bb6e9ee73ac341a47a6b8ba91	quarantine/under-review/lb-phone/ui/dist/assets/img/backgrounds/default/apps/weather/snow.jpg
781d7077fd2c9c1c5c5528689a26be1adbd60ad5ff0fcacb670ff3046864368f	quarantine/under-review/lb-phone/ui/dist/assets/img/backgrounds/default/apps/weather/sunny.jpg
fb1df8df3055c42eae5527622675dc68fee0b659f2789a0c7d63e44b02e5d6af	quarantine/under-review/lb-phone/ui/dist/assets/img/backgrounds/default/apps/weather/sunset.jpg
da7cad51e1cc19d6a44f37629570e0ae5df9c3c9e7be827f75883f12d549b577	quarantine/under-review/lb-phone/ui/dist/assets/img/icons/danger.png
3072e29e85a07f2dd318aec3b4ac431ba09e1587b0e60df56b5741827df57b63	quarantine/under-review/lb-phone/ui/dist/assets/img/icons/picker.png
789173c1fadc61464c7f6d340203f39a33979ccf76996f8f55b4b8fde5ecae56	quarantine/under-review/lb-phone/ui/dist/assets/img/icons/READ_ME.txt
3e1d286145e5b7242b56fb5073ff42e8787ef037579768ec4ce6e1da6629a416	quarantine/under-review/lb-phone/ui/dist/assets/img/icons/warning.png
314f4ae2971af788836415fe9fb0f3ae46eeb6e66afe7cc2a610067eff5be511	quarantine/under-review/lb-phone/ui/dist/assets/img/icons/apps/AppStore.jpg
878e1eb1d2b9f7397e4787908aefb2b596b334701079960d03863b1eaf561fe4	quarantine/under-review/lb-phone/ui/dist/assets/img/icons/apps/Birdy.jpg
b4b9f241fdbaf6289e68fd0f4ccf13581079d078fc0b2df03c0324946f260c1e	quarantine/under-review/lb-phone/ui/dist/assets/img/icons/apps/Calculator.jpg
e86547b1469a41d0f5044f89a39eea63afe98e56caec3e5a1552cc6e56108e3c	quarantine/under-review/lb-phone/ui/dist/assets/img/icons/apps/Camera.jpg
7b46c324dbd100fb1646298c3c08bf4cddd553a77fa4838a715677971551f944	quarantine/under-review/lb-phone/ui/dist/assets/img/icons/apps/Clock.jpg
79a8c524714803ff83361a2990f07b842cfe509ed7d41df6d5855f256b161fef	quarantine/under-review/lb-phone/ui/dist/assets/img/icons/apps/Crypto.jpg
69e2f4a1fecfc0f0639dfaa11b051f85935e092314ac3318f77ace9c82b49688	quarantine/under-review/lb-phone/ui/dist/assets/img/icons/apps/Cryptopng.png
e27c90feca4c5d05e3b62900255bc56e66de5e7bb2ec804cced6279311cca267	quarantine/under-review/lb-phone/ui/dist/assets/img/icons/apps/DarkChat.jpg
344afdaf63bd7e6b9026ef7e99427f7e4b04b1f220d88c7af9f33879dfdfb40c	quarantine/under-review/lb-phone/ui/dist/assets/img/icons/apps/FaceTime.jpg
31d286596281d6bc84cf72e1f2badb80614d4f77a03bcfe86e7c799ac1eb60b3	quarantine/under-review/lb-phone/ui/dist/assets/img/icons/apps/Garage.jpg
edd3daba965729ac22a664b972b4e3c390e0966c898c03690666b83d739a08dc	quarantine/under-review/lb-phone/ui/dist/assets/img/icons/apps/Health.jpg
a28c4a499c4538102c6024c8a009c075663838ef0a697c19909fa24496deecb7	quarantine/under-review/lb-phone/ui/dist/assets/img/icons/apps/Home.jpg
a61647f6fce5efca9d019737d6256316915818829378d7c83b0510f4230769ae	quarantine/under-review/lb-phone/ui/dist/assets/img/icons/apps/InstaPic.jpg
be1ea54aaf95b534befc97bb220d56b5b455232338ce0a78b88f1a674d50d6dc	quarantine/under-review/lb-phone/ui/dist/assets/img/icons/apps/Mail.jpg
9054a97d2a019b6900f2f27502a18366573968a0e57d62f5fecb83dd00748cd8	quarantine/under-review/lb-phone/ui/dist/assets/img/icons/apps/Maps.jpg
6ff8348423de55624e955325636da7c0f6965cee35ac59c00666e4196ff128eb	quarantine/under-review/lb-phone/ui/dist/assets/img/icons/apps/MarketPlace.jpg
880d16007bdeef6d8993196b1a3e8b48707d8d31269ee18c02aaf3ce296b90b4	quarantine/under-review/lb-phone/ui/dist/assets/img/icons/apps/Messages.jpg
a0791a16773027c943f737cf29a8c91739c302ef6315c3a2fb6e6e234d120c82	quarantine/under-review/lb-phone/ui/dist/assets/img/icons/apps/Music.jpg
1a72b1d73ddb2faecce2c41f4c15c3e9a9bb5aa02c277dc8c356abd32d67d30a	quarantine/under-review/lb-phone/ui/dist/assets/img/icons/apps/Notes.jpg
2182098e7e73700db601e724cae13d7baf72f34bc02e5c4551f7bfa32d5b5fab	quarantine/under-review/lb-phone/ui/dist/assets/img/icons/apps/Phone.jpg
a6d51884ad69c3a081d59e0cf06076085b8fdb0afaf8e1cbe7adb8a395c83f84	quarantine/under-review/lb-phone/ui/dist/assets/img/icons/apps/Photos.jpg
3976bc07d4ecf9dbf59c16608c3fedcd6cf8c960428972dee85b90a77b782e5c	quarantine/under-review/lb-phone/ui/dist/assets/img/icons/apps/Racing.jpg
789173c1fadc61464c7f6d340203f39a33979ccf76996f8f55b4b8fde5ecae56	quarantine/under-review/lb-phone/ui/dist/assets/img/icons/apps/READ_ME.txt
80aa1b88e332b94e531b01f8ad774bab97b6623b19068af84b3d116a5e2050cf	quarantine/under-review/lb-phone/ui/dist/assets/img/icons/apps/Safari.jpg
221f082f5b9d2d874f971ae311db8865eada1edb94e5aaae601a0f876678892c	quarantine/under-review/lb-phone/ui/dist/assets/img/icons/apps/Services.jpg
57c43468f7d1842496bb04ab552208175afbefcee750061843c7f1ff1270e5d5	quarantine/under-review/lb-phone/ui/dist/assets/img/icons/apps/Settings.jpg
50e6db07027a56e04930a9790c4b1767eeea22c462444e084ee9cdea97cec09f	quarantine/under-review/lb-phone/ui/dist/assets/img/icons/apps/Spark.jpg
07242fd640aaee84a1af4421404515f6a766d82ce2d4bce82dc6721f155384df	quarantine/under-review/lb-phone/ui/dist/assets/img/icons/apps/Trendy.jpg
bebe4ee0a56e92cd7be8bfc640600b2845d025d450792d88cedf5679c180a5a3	quarantine/under-review/lb-phone/ui/dist/assets/img/icons/apps/unkown.png
e634b025bbfe3e068be7c082fd74f3435f2963b1fa3ec72eaeac495382452435	quarantine/under-review/lb-phone/ui/dist/assets/img/icons/apps/VoiceMemo.jpg
638fb0a6caa812f9d59ac284a8585b46a332808177aae3a14be9de288a4a554e	quarantine/under-review/lb-phone/ui/dist/assets/img/icons/apps/Wallet.jpg
accd321a31afa4b1462c2bb8d4eda47c7c610e1fc9307eaa31ec52b5af2c6133	quarantine/under-review/lb-phone/ui/dist/assets/img/icons/apps/Weather.jpg
f34d15506430fb094e52fc115460fef84178cc7d17df611260c0fe168a09a23c	quarantine/under-review/lb-phone/ui/dist/assets/img/icons/apps/YellowPages.jpg
789173c1fadc61464c7f6d340203f39a33979ccf76996f8f55b4b8fde5ecae56	quarantine/under-review/lb-phone/ui/dist/assets/img/icons/appstore/READ_ME.txt
789173c1fadc61464c7f6d340203f39a33979ccf76996f8f55b4b8fde5ecae56	quarantine/under-review/lb-phone/ui/dist/assets/img/icons/appstore/appimages/READ_ME.txt
27c1ab5e4126b1b48bb86d8ba45ce3a59c0f5e3fc7749cde912423596cbdd51f	quarantine/under-review/lb-phone/ui/dist/assets/img/icons/appstore/appimages/Crypto/1.webp
3a9bbf6ddc40f83da5d0bd23584f91dac14d0a060b19e3ac76a2cfb1dfa45e42	quarantine/under-review/lb-phone/ui/dist/assets/img/icons/appstore/appimages/Crypto/2.webp
789173c1fadc61464c7f6d340203f39a33979ccf76996f8f55b4b8fde5ecae56	quarantine/under-review/lb-phone/ui/dist/assets/img/icons/appstore/appimages/Crypto/READ_ME.txt
9270b5addf01b087e3d006464eb0ce24452a5c22394a593f31883f3a1e6d97fd	quarantine/under-review/lb-phone/ui/dist/assets/img/icons/appstore/appimages/DarkChat/1.webp
0de9639f69b60d93aa4968e9a38011931c0f7c264bd6dcafbba6e28b5321a2fa	quarantine/under-review/lb-phone/ui/dist/assets/img/icons/appstore/appimages/DarkChat/2.webp
370758726b0312a2d54fc57b8d45d893933a103b412bd04f641abe61aef1c76a	quarantine/under-review/lb-phone/ui/dist/assets/img/icons/appstore/appimages/DarkChat/3.webp
8dcace71a4908c7807b8b2b634604d00258f7e03a49c27e6ec93c6709d3772e8	quarantine/under-review/lb-phone/ui/dist/assets/img/icons/appstore/appimages/DarkChat/4.webp
789173c1fadc61464c7f6d340203f39a33979ccf76996f8f55b4b8fde5ecae56	quarantine/under-review/lb-phone/ui/dist/assets/img/icons/appstore/appimages/DarkChat/READ_ME.txt
c226f9dbf6f23ebbd34c65214fe0f9a9481730a92e9eeac6f5d555e33c361be0	quarantine/under-review/lb-phone/ui/dist/assets/img/icons/appstore/appimages/Instagram/1.webp
12b1b7638374bb65afef09e419ca1d3245b31a3dc57f241492b730426d19008b	quarantine/under-review/lb-phone/ui/dist/assets/img/icons/appstore/appimages/Instagram/2.webp
488f7e201cc7a8062dbc50d71cd28315390ee8094cc0773e0e505076191892e5	quarantine/under-review/lb-phone/ui/dist/assets/img/icons/appstore/appimages/Instagram/3.webp
8c35b76dc82cdd039245ca8d99266c6bedbfc221649cc54fc36cda5ce71dc82e	quarantine/under-review/lb-phone/ui/dist/assets/img/icons/appstore/appimages/Instagram/4.webp
d706b7f74e2a7fad309dc330debb43fe7dc9eec332579ba90168f5f524a09d08	quarantine/under-review/lb-phone/ui/dist/assets/img/icons/appstore/appimages/Instagram/5.webp
95b2a2befa850ac8c514aa2f5e45eeadfc99802d36c9efcebef38e8517ddae17	quarantine/under-review/lb-phone/ui/dist/assets/img/icons/appstore/appimages/Instagram/6.webp
5404a0f652f7a521e595a4cd353e2f37584a173486aeebc612471826891d0fa4	quarantine/under-review/lb-phone/ui/dist/assets/img/icons/appstore/appimages/Instagram/7.webp
789173c1fadc61464c7f6d340203f39a33979ccf76996f8f55b4b8fde5ecae56	quarantine/under-review/lb-phone/ui/dist/assets/img/icons/appstore/appimages/Instagram/READ_ME.txt
82adc9e01e342d73322bbc451b6095f0737b482fe5a326d0278f5b0ed2f15239	quarantine/under-review/lb-phone/ui/dist/assets/img/icons/appstore/appimages/MarketPlace/1.webp
440eabdfd223746bf1599e383a83295c9dfaf85666192d4b18253bdab0572f8f	quarantine/under-review/lb-phone/ui/dist/assets/img/icons/appstore/appimages/MarketPlace/2.webp
ddf2dd60e7805ee16e8969b59bbcb0ff16321baa1bb21feb17b03da5f8d8c14c	quarantine/under-review/lb-phone/ui/dist/assets/img/icons/appstore/appimages/MarketPlace/3.webp
ff2466b00bc77b4f1b3dc7971f64b9c24953c8dbfc857dc987339ec9ea3b98b2	quarantine/under-review/lb-phone/ui/dist/assets/img/icons/appstore/appimages/MarketPlace/4.webp
789173c1fadc61464c7f6d340203f39a33979ccf76996f8f55b4b8fde5ecae56	quarantine/under-review/lb-phone/ui/dist/assets/img/icons/appstore/appimages/MarketPlace/READ_ME.txt
c6219b8b765d50ea7017c92cbd3b1c16315f752dd002b0498fdb6bd82f817e22	quarantine/under-review/lb-phone/ui/dist/assets/img/icons/appstore/appimages/Music/1.webp
a23cb56b5fcb1ce3e840b7af2d29fc130cb54522e4c6ca4e7d1b976f1b4e6d0c	quarantine/under-review/lb-phone/ui/dist/assets/img/icons/appstore/appimages/Music/2.webp
789173c1fadc61464c7f6d340203f39a33979ccf76996f8f55b4b8fde5ecae56	quarantine/under-review/lb-phone/ui/dist/assets/img/icons/appstore/appimages/Music/READ_ME.txt
6935d9f79b767b40f7e08161261528b8f70cc475cd91931525e7d77c986e5f5f	quarantine/under-review/lb-phone/ui/dist/assets/img/icons/appstore/appimages/TikTok/1.webp
789173c1fadc61464c7f6d340203f39a33979ccf76996f8f55b4b8fde5ecae56	quarantine/under-review/lb-phone/ui/dist/assets/img/icons/appstore/appimages/TikTok/READ_ME.txt
0297b0a8d852598ac3e658fb2354d048a78a7e64f9dc27ecbcd1cc0ea56fc4ba	quarantine/under-review/lb-phone/ui/dist/assets/img/icons/appstore/appimages/Tinder/1.webp
9d9e33b528bee3c8a9f83128f1e1b9fdd14ff67cb7502d06eedd5c372b03ac2c	quarantine/under-review/lb-phone/ui/dist/assets/img/icons/appstore/appimages/Tinder/2.webp
2a5f815be6dc48b1c24be27497015c872269a7d2aaa85dab687f6ec8b991e749	quarantine/under-review/lb-phone/ui/dist/assets/img/icons/appstore/appimages/Tinder/3.webp
c83d018bbfa9f1a54685f14cd2277a4a3095e12eb143030845925337328dd45d	quarantine/under-review/lb-phone/ui/dist/assets/img/icons/appstore/appimages/Tinder/4.webp
b59fd57659947a63e95afe3b1cd5520c8a3ec37a1e5333d32e2fdae3253f2bf8	quarantine/under-review/lb-phone/ui/dist/assets/img/icons/appstore/appimages/Tinder/5.webp
789173c1fadc61464c7f6d340203f39a33979ccf76996f8f55b4b8fde5ecae56	quarantine/under-review/lb-phone/ui/dist/assets/img/icons/appstore/appimages/Tinder/READ_ME.txt
47232b28db9dc429e2a6bda31d88dc21d6420cf59ddbc7c2dd1f36aad2fdfb9f	quarantine/under-review/lb-phone/ui/dist/assets/img/icons/appstore/appimages/Twitter/1.webp
489aa1d37195b07ae0007d5c154515551fa9fe993b60fcb9c3f760d975962c17	quarantine/under-review/lb-phone/ui/dist/assets/img/icons/appstore/appimages/Twitter/2.webp
b285f40eef4a270dc1a1cb904a62140994a1db7edb68f358e7498cc969312d0e	quarantine/under-review/lb-phone/ui/dist/assets/img/icons/appstore/appimages/Twitter/3.webp
4501238e7fb5d9a87b97185d493da71156b07b3906f24f18bc9a18c9a17ef062	quarantine/under-review/lb-phone/ui/dist/assets/img/icons/appstore/appimages/Twitter/4.webp
11751556208fa6dcdc5e73f4553d5096b3637087bf3f494ce47d3f3e8519d6ae	quarantine/under-review/lb-phone/ui/dist/assets/img/icons/appstore/appimages/Twitter/5.webp
8460222078497b8808527e67709129a5ee22a40f29cd3bc58ea8f6b784d7d644	quarantine/under-review/lb-phone/ui/dist/assets/img/icons/appstore/appimages/Twitter/6.webp
fa2bcc64ffd7de3968115a50f75140a5ea18408596d6abb1719bc9e0af9bdd1c	quarantine/under-review/lb-phone/ui/dist/assets/img/icons/appstore/appimages/Twitter/7.webp
26f008e0e77377ed62b697caa6ca598373826830fd2ee42c5913c703f89a69cb	quarantine/under-review/lb-phone/ui/dist/assets/img/icons/appstore/appimages/Twitter/8.webp
789173c1fadc61464c7f6d340203f39a33979ccf76996f8f55b4b8fde5ecae56	quarantine/under-review/lb-phone/ui/dist/assets/img/icons/appstore/appimages/Twitter/READ_ME.txt
b55e8b526991f5d9cf186e680ec6d9b74643d31ce46695e6909e8bc693b0742e	quarantine/under-review/lb-phone/ui/dist/assets/img/icons/appstore/appimages/YellowPages/1.webp
f033d634f175dac2822fe234c7023d7570d06694d777e1353f4e7e59585aa0aa	quarantine/under-review/lb-phone/ui/dist/assets/img/icons/appstore/appimages/YellowPages/2.webp
789173c1fadc61464c7f6d340203f39a33979ccf76996f8f55b4b8fde5ecae56	quarantine/under-review/lb-phone/ui/dist/assets/img/icons/appstore/appimages/YellowPages/READ_ME.txt
769e9ec72ef600446c66e97dbf6a91d29458ddeeca02ea841670103c9c11ef98	quarantine/under-review/lb-phone/ui/dist/assets/img/icons/instagram/icon.svg
3401059d8591255c0fb988e5ca5c7e65f12bb30f8ebfb6eb446657ddf810b8b7	quarantine/under-review/lb-phone/ui/dist/assets/img/icons/instagram/LiveCircle.svg
91210d414019ca7e77cd2c706c86f43ecd61b284fd39309d0c86d63a3c2ff99f	quarantine/under-review/lb-phone/ui/dist/assets/img/icons/instagram/logo.png
789173c1fadc61464c7f6d340203f39a33979ccf76996f8f55b4b8fde5ecae56	quarantine/under-review/lb-phone/ui/dist/assets/img/icons/instagram/READ_ME.txt
03df36577bcff9fd69436c69335af8090c7bf24cf51a8e4ed1ee1a68ca4178ec	quarantine/under-review/lb-phone/ui/dist/assets/img/icons/instagram/StoryCircle.svg
7b9bca585b4bb3da2f72f65344daef7660cab9826aa85a3ead289c11fc0de220	quarantine/under-review/lb-phone/ui/dist/assets/img/icons/instagram/Verified.svg
efbfe1910c108e618136dae0f7a9ad35631ec5c2f83e43b86f279dae9e1e7725	quarantine/under-review/lb-phone/ui/dist/assets/img/icons/maps/mappin.png
090cd402fe8463f017783f3719f5df67389af7e9f9b6b19cee75a3efabd03121	quarantine/under-review/lb-phone/ui/dist/assets/img/icons/maps/pin.svg
789173c1fadc61464c7f6d340203f39a33979ccf76996f8f55b4b8fde5ecae56	quarantine/under-review/lb-phone/ui/dist/assets/img/icons/maps/READ_ME.txt
7a0a3cb023b5127c7dbf618bbf145b1651fc448ef71d44e8ebc2dc04c87a4156	quarantine/under-review/lb-phone/ui/dist/assets/img/icons/messages/gallery.png
789173c1fadc61464c7f6d340203f39a33979ccf76996f8f55b4b8fde5ecae56	quarantine/under-review/lb-phone/ui/dist/assets/img/icons/messages/READ_ME.txt
789173c1fadc61464c7f6d340203f39a33979ccf76996f8f55b4b8fde5ecae56	quarantine/under-review/lb-phone/ui/dist/assets/img/icons/music/READ_ME.txt
bdb6281636d19597a75cf6cae549248bef1d63ff9a89e1fdb6a89b01dc38501a	quarantine/under-review/lb-phone/ui/dist/assets/img/icons/music/unknown.png
16c0495987b508f99905ac4958a1215f06dc2776406be6e16c39f3d1fd77fb0e	quarantine/under-review/lb-phone/ui/dist/assets/img/icons/setup/faceUnlock.png
f943e1bf1c4a86913800fb473595b5c87d6bfefdbba452013427bb7acf9a115e	quarantine/under-review/lb-phone/ui/dist/assets/img/icons/setup/lock.svg
e76e8a030a2ecd872c4bec1cc1780b6bb7b4b947e15cfadafde19625313db187	quarantine/under-review/lb-phone/ui/dist/assets/img/icons/setup/logo.svg
789173c1fadc61464c7f6d340203f39a33979ccf76996f8f55b4b8fde5ecae56	quarantine/under-review/lb-phone/ui/dist/assets/img/icons/setup/READ_ME.txt
a5575844b1729f4663dd2a226eef46bb0d3b8e3839138b910f002528239cddd4	quarantine/under-review/lb-phone/ui/dist/assets/img/icons/setup/theme.svg
a5a4c64fb8bc9ad9e8e9513783776c319385a6eaa23dd26e08a5998d6150a6f4	quarantine/under-review/lb-phone/ui/dist/assets/img/icons/tinder/logo-white.svg
93e5e97fd91d0806e1a67fc074a61dd7a876c4bd0041122dfe48cbf9ff3f8ab1	quarantine/under-review/lb-phone/ui/dist/assets/img/icons/tinder/logo.svg
ca6c5ee2dfda2e4c919eb056357687e558cb4c476fc8bc254642ea2ccaee7439	quarantine/under-review/lb-phone/ui/dist/assets/img/icons/tinder/match.png
789173c1fadc61464c7f6d340203f39a33979ccf76996f8f55b4b8fde5ecae56	quarantine/under-review/lb-phone/ui/dist/assets/img/icons/tinder/READ_ME.txt
7b6d15582e98dcc8ea2d40483e151c5f0ed1730e59515735dac91efc4b9737fe	quarantine/under-review/lb-phone/ui/dist/assets/img/icons/twitter/banner.png
e42f54eaf93e681ebf42508f53448076332417e1f83bb327cd5c02bb75eb143e	quarantine/under-review/lb-phone/ui/dist/assets/img/icons/twitter/heart.svg
c033f1cd94c43dc17909a4d0f88e39937f1f733563aaf015d5a8b60b540a6222	quarantine/under-review/lb-phone/ui/dist/assets/img/icons/twitter/logo.png
789173c1fadc61464c7f6d340203f39a33979ccf76996f8f55b4b8fde5ecae56	quarantine/under-review/lb-phone/ui/dist/assets/img/icons/twitter/READ_ME.txt
c7f0e5016c61d5a2e66b8e5e87e7c82e1bd9d651103937600e134be89618ed38	quarantine/under-review/lb-phone/ui/dist/assets/img/icons/weather/cloudy.png
7a563d6f20049e6def250289204667f52a1a35c3ab5d7e808c9acd5c466c4bc1	quarantine/under-review/lb-phone/ui/dist/assets/img/icons/weather/drizzle.png
7592ca36db7c4a8d7fe0af0b5ab139320d053f34a7ee8214b5fbb21b53ec9f45	quarantine/under-review/lb-phone/ui/dist/assets/img/icons/weather/fog.png
77f9eff315219b91b8d001e390631437d516e8cedda02664a436e04df659c670	quarantine/under-review/lb-phone/ui/dist/assets/img/icons/weather/heavy-rain.png
2e83e0955504b3af7120b60149c9f8e1da0f2af47ba0badedb9a90b05182e4ba	quarantine/under-review/lb-phone/ui/dist/assets/img/icons/weather/night.png
bf6d3fec95aa2ca1363303dd2fa71ec4dc13f3e2b37fb15b6059066c0ecb917d	quarantine/under-review/lb-phone/ui/dist/assets/img/icons/weather/partly-cloudy-night.png
4ad993d94b3e209e01ade3b0deffdc1f8a8b1e1709cc7925b2a5795a3e3b15c6	quarantine/under-review/lb-phone/ui/dist/assets/img/icons/weather/partly-cloudy-sunny.png
009454baa76a84462d2d6047611adc4f8bf53f020956853733cc96e09c0977a1	quarantine/under-review/lb-phone/ui/dist/assets/img/icons/weather/rain.png
789173c1fadc61464c7f6d340203f39a33979ccf76996f8f55b4b8fde5ecae56	quarantine/under-review/lb-phone/ui/dist/assets/img/icons/weather/READ_ME.txt
f382ce2438f7ff54872849c125e8b594aab96fd1ed101f9e556fd3666e378b87	quarantine/under-review/lb-phone/ui/dist/assets/img/icons/weather/snow.png
c7c336eda61432c77a7043cb884e1f497679a1b4f8322bfbe32617efae74b276	quarantine/under-review/lb-phone/ui/dist/assets/img/icons/weather/sunny.png
7b899dd9890fbb3bbf17ec70d1b4145044077ffbe231e293c98436378b8f5703	quarantine/under-review/lb-phone/ui/dist/assets/img/icons/weather/thunder.png
e2a5ea80e98a8546870d5bfc824ffd6f7ef7a1e45485528aea3d0bf386d3dc07	quarantine/under-review/lb-phone/ui/dist/assets/img/icons/weather/tornado.png
27a216c440d323e175878fe1485ee2aa08a3d4d3cc33158007074e444120d852	quarantine/under-review/lb-phone/ui/dist/assets/img/icons/weather/wind.png
f463ed2c1ca4e2b07c48dbe342338f1b85dcbc85b4eadbe2ace9861c07b9fd09	quarantine/under-review/lb-phone/ui/dist/assets/img/icons/weather/windy.png
789173c1fadc61464c7f6d340203f39a33979ccf76996f8f55b4b8fde5ecae56	quarantine/under-review/lb-phone/ui/dist/assets/sound/READ_ME.txt
817fa610ad8613000aa89d0b5de6471d8ee66058a0e022efb492bd0170eaabba	quarantine/under-review/lb-phone/ui/dist/assets/sound/other/alarm.mp3
2f066e2b197552248c3d6ebdc07cd1bd317707ebe974c9089575d063bf7287c4	quarantine/under-review/lb-phone/ui/dist/assets/sound/other/callBusy.mp3
154528d1bc918d8cd895e85fa87bad3f7c723cc06b3a4c4f35bac0ec4b2ba1ae	quarantine/under-review/lb-phone/ui/dist/assets/sound/other/calling.mp3
4dcb9294e973f08205948ded51dfb050c8b1564200323e3d4b1acd3e13f9c13a	quarantine/under-review/lb-phone/ui/dist/assets/sound/other/cameraShutter.mp3
ac241f0c834584be01de584f6b9c5a25ccb16170d2d830868e068fc27f6757f7	quarantine/under-review/lb-phone/ui/dist/assets/sound/other/endCall.mp3
8567ca840d63cb10a6dd7a64cdfabb4dcd4e8e591adcb00ecb7cbe93f9e0b2c1	quarantine/under-review/lb-phone/ui/dist/assets/sound/other/endCallFacetime.mp3
513b5c418ea727b05d2dde1630a929d266b7febda36354002a46df3ea0cfddfa	quarantine/under-review/lb-phone/ui/dist/assets/sound/other/facetimeCalling.mp3
48d1150a332077ea435efa10fdb52a47dc597c167ede4e3e17c8f1cdf09f3020	quarantine/under-review/lb-phone/ui/dist/assets/sound/other/mute.mp3
789173c1fadc61464c7f6d340203f39a33979ccf76996f8f55b4b8fde5ecae56	quarantine/under-review/lb-phone/ui/dist/assets/sound/other/READ_ME.txt
6d329080f590e3066d8d6f00055a33d60813d362e34f73c108550df6a7c9d084	quarantine/under-review/lb-phone/ui/dist/assets/sound/other/unmute.mp3
2f6c93fce085cc539fff0863f1bc4e249459c3afd7aed56fddac5bbfb41536e2	quarantine/under-review/lb-phone/ui/dist/assets/sound/other/voicemail/READ_ME.txt
b434733a7326104d5db5e163e05e0358ef26ec81aaffd1e283e0c4adc6c22692	quarantine/under-review/lb-phone/ui/dist/assets/sound/other/voicemail/voicemail-number-0.ogg
0ae8ea290ebb4995ae7a0e5418ab92ff4b4cbf865eeb33ea90f8986d4a7e5b62	quarantine/under-review/lb-phone/ui/dist/assets/sound/other/voicemail/voicemail-number-1.ogg
5fec77ac22ca2bfb084bb5b26ad586b9827cbb7e2a72393867c1242763a19cbf	quarantine/under-review/lb-phone/ui/dist/assets/sound/other/voicemail/voicemail-number-2.ogg
06dc21bb9e726a64716ed0c7ccc93fb57fc4283e2b3ad4d28128e4c01c56fca5	quarantine/under-review/lb-phone/ui/dist/assets/sound/other/voicemail/voicemail-number-3.ogg
0774f256c10f4fce9f691eac11ffd9b9fd444398241117b1ce0258b349367d8f	quarantine/under-review/lb-phone/ui/dist/assets/sound/other/voicemail/voicemail-number-4.ogg
49fb312ab202fb99cb8c2e6ab80cdb189ac65ce8f3a26c2f91e30da26dc6873b	quarantine/under-review/lb-phone/ui/dist/assets/sound/other/voicemail/voicemail-number-5.ogg
03272fe5ec9cc6ee50e8373e5fe6aa89a4aeb0f96e8fd7fb488e57f9c3ebe979	quarantine/under-review/lb-phone/ui/dist/assets/sound/other/voicemail/voicemail-number-6.ogg
0dc76559da666f9555dd79d9311ebc5b928559e8cf1ad51cde9cf876592606c4	quarantine/under-review/lb-phone/ui/dist/assets/sound/other/voicemail/voicemail-number-7.ogg
88ae07932cd172e965e54a100949e6811bec28bd288d3d8a7816227dc3da117f	quarantine/under-review/lb-phone/ui/dist/assets/sound/other/voicemail/voicemail-number-8.ogg
f3616534b9448973fab356419c72a577775ea2ef14fdc6b09d7b464b919f3da7	quarantine/under-review/lb-phone/ui/dist/assets/sound/other/voicemail/voicemail-number-9.ogg
2a94d8d75c96baef415dc7f42feb252fea31c6bf8148912f5b3d8279d8e4e62a	quarantine/under-review/lb-phone/ui/dist/assets/sound/other/voicemail/voicemail-part-1.ogg
e7f9c19fea38748e9d4edc2344c8adb968e6b67e1428e86836a96a9910bbb66d	quarantine/under-review/lb-phone/ui/dist/assets/sound/other/voicemail/voicemail-part-2.ogg
abcf71177227fbf6e57b7400e38712a2d0dcd3894dcb8a4db4330719cc43ceda	quarantine/under-review/lb-phone/ui/dist/assets/sound/ringtones/apex.mp3
696229cb032f269a5da6d7a4f7257da8cc03d9b3b72f8e563f0fd332c5e48a53	quarantine/under-review/lb-phone/ui/dist/assets/sound/ringtones/default.mp3
ceb1dd0e6fb28c503bc6424c6b5d18205d041af1fd434990ee2a6bd06951ccd6	quarantine/under-review/lb-phone/ui/dist/assets/sound/ringtones/harp.mp3
504ceea7a3ed28277b5f9831ed66e3a895a5e4bc596733e35625480d21d624aa	quarantine/under-review/lb-phone/ui/dist/assets/sound/ringtones/radar.mp3
789173c1fadc61464c7f6d340203f39a33979ccf76996f8f55b4b8fde5ecae56	quarantine/under-review/lb-phone/ui/dist/assets/sound/ringtones/READ_ME.txt
64c2f4fb9ded64af28b0415fa2d3f3e8e93f6528dfb37d7bf7266cd92a311262	quarantine/under-review/lb-phone/ui/dist/assets/sound/ringtones/sencha.mp3
e59c23a088ba855acd65e2f4099cb0e5631037d17f36a3cbe45866155d888ea1	quarantine/under-review/lb-phone/ui/dist/assets/sound/ringtones/silk.mp3
d7c572a45cd3e4a64c46875c59d6c855802c898529b5bb426f9a420a11e2fb43	quarantine/under-review/lb-phone/ui/dist/assets/sound/ringtones/summit.mp3
b157f9651a2cad3fc1c2d73f9b9f8f01fec8e501ac7e4bdfc63d4c8e9dc6d8c6	quarantine/under-review/lb-phone/ui/dist/assets/sound/ringtones/vibrate.ogg
e3b0c44298fc1c149afbf4c8996fb92427ae41e4649b934ca495991b7852b855	quarantine/under-review/lb-phone/ui/dist/assets/sound/songs/PLACE_SONGS_HERE
789173c1fadc61464c7f6d340203f39a33979ccf76996f8f55b4b8fde5ecae56	quarantine/under-review/lb-phone/ui/dist/assets/sound/songs/READ_ME.txt
1f0d13733e6b3de00fa6f59876a19ccae3e492f671b90ed211a0829d192af47f	quarantine/under-review/lb-phone/ui/dist/assets/sound/texttones/default.mp3
789173c1fadc61464c7f6d340203f39a33979ccf76996f8f55b4b8fde5ecae56	quarantine/under-review/lb-phone/ui/dist/assets/sound/texttones/READ_ME.txt
