"Hash"	"Path"
"F9FBCE426187657AAD8AFAC8432F8483353042E46A80141553C640A857BEF7F9"	"C:\admirales\script_ver\script_ver\quarantine\under-review\0r-farming\0r-farming\fxmanifest.lua"
"A149FF2FAD0C10D9609220DD59B9D1198914A024620569663C369B0D6346F276"	"C:\admirales\script_ver\script_ver\quarantine\under-review\0r-farming\0r-farming\items.sql"
"99C9BD923C1DCE01DE90379AB6D6B271291B9F538249A2F44D9186861FF3EE04"	"C:\admirales\script_ver\script_ver\quarantine\under-review\0r-farming\0r-farming\oxitems.md"
"A05BB512D91B722B7F58DD0A4EA7C3ECE42917D855B8ECF34F8CFF9374C2C47F"	"C:\admirales\script_ver\script_ver\quarantine\under-review\0r-farming\0r-farming\readme.txt"
"07DC6FA921271A83E933C4A0DAA24CB9E2179E5259A8AD7C854D23977E25D94F"	"C:\admirales\script_ver\script_ver\quarantine\under-review\0r-farming\0r-farming\client\cl_cow.lua"
"3D35590CBF56928ED3263DF2A6B4AF565A13E1CE509589595960321A58FD82F4"	"C:\admirales\script_ver\script_ver\quarantine\under-review\0r-farming\0r-farming\client\cl_main.lua"
"6BCD710CD42D8EC9C47D9C08D79CCEC1EB05ECC11B0712C3E31EA7BB254073B5"	"C:\admirales\script_ver\script_ver\quarantine\under-review\0r-farming\0r-farming\client\cl_melon.lua"
"822DE538BF8729E48B446B18C72A4E1E9971B7D482DD38287E6C88F270C3374B"	"C:\admirales\script_ver\script_ver\quarantine\under-review\0r-farming\0r-farming\client\cl_pumpkin.lua"
"FF1D07754C25CAEAABD48F60D185808707C0ED826E3AF37CDE845328C8E48B01"	"C:\admirales\script_ver\script_ver\quarantine\under-review\0r-farming\0r-farming\client\cl_wheat.lua"
"A05BB512D91B722B7F58DD0A4EA7C3ECE42917D855B8ECF34F8CFF9374C2C47F"	"C:\admirales\script_ver\script_ver\quarantine\under-review\0r-farming\0r-farming\client\readme.txt"
"DEA25C3BA2C401FD9C46B670F6813D1AC2067754B5EE44F0A6D8F5EE32FBD9E8"	"C:\admirales\script_ver\script_ver\quarantine\under-review\0r-farming\0r-farming\html\index.html"
"A05BB512D91B722B7F58DD0A4EA7C3ECE42917D855B8ECF34F8CFF9374C2C47F"	"C:\admirales\script_ver\script_ver\quarantine\under-review\0r-farming\0r-farming\html\readme.txt"
"2C2C17A0090336DA1A69CEF8E2F96E659471118C6856AD6C8CBF5AC24B9B0A66"	"C:\admirales\script_ver\script_ver\quarantine\under-review\0r-farming\0r-farming\html\script.js"
"2B6A7B430C8EDD7532DA1056D720729DDF4C25BE43A71E79AB31E332D97D42FF"	"C:\admirales\script_ver\script_ver\quarantine\under-review\0r-farming\0r-farming\html\style.css"
"2DB056ECCDC1DC87238C1081437148CBA21BAE77B584D9DB8018E99ECB79CB49"	"C:\admirales\script_ver\script_ver\quarantine\under-review\0r-farming\0r-farming\html\img\bg.png"
"FEFDD14C1A4F8DA05CA77334EAB5DB18488C33BFD5C464B33EF7F789E39BD215"	"C:\admirales\script_ver\script_ver\quarantine\under-review\0r-farming\0r-farming\html\img\budayalt.png"
"8687718D62EA563D7A51F946BE4DE058C30C3B84253967837568F217B39F079A"	"C:\admirales\script_ver\script_ver\quarantine\under-review\0r-farming\0r-farming\html\img\budayust.png"
"4B541A04D2D2ABAF8BCABC9416E975FABAE7CA07617193DCF0E2BFFB81AC3555"	"C:\admirales\script_ver\script_ver\quarantine\under-review\0r-farming\0r-farming\html\img\buy.png"
"93FA0B1E20EE306BDEF745DCFD05F3E1FCABB68C9996B712A481EC1476B3B4DF"	"C:\admirales\script_ver\script_ver\quarantine\under-review\0r-farming\0r-farming\html\img\churn.png"
"18AF51AE4D87008DF4C656DEBF5C7A187ECA7B5E2FD0EBD9541FF88915F5025C"	"C:\admirales\script_ver\script_ver\quarantine\under-review\0r-farming\0r-farming\html\img\close.png"
"A83ADF31C7FC286BD4056F7E5D391EDF5108382929E940A9F34DBA5DD2DA8139"	"C:\admirales\script_ver\script_ver\quarantine\under-review\0r-farming\0r-farming\html\img\cowpng.png"
"E067FB1E01C45C7A16A14F72AC2F916D6EA9EED59A0D3D5DAD827B4EC8022034"	"C:\admirales\script_ver\script_ver\quarantine\under-review\0r-farming\0r-farming\html\img\cow_alt.png"
"E191428BC04FF59E4A4D5103C9433DD449DCD342B8B6F9E46201A7053284FEED"	"C:\admirales\script_ver\script_ver\quarantine\under-review\0r-farming\0r-farming\html\img\cow_orta.png"
"F4FAABF6CAD56C1B695048F8AF305370425C2D85B275DA86EF978CE9AE6389D6"	"C:\admirales\script_ver\script_ver\quarantine\under-review\0r-farming\0r-farming\html\img\fare.png"
"FFE8E0E6A76436DA472F0317455D1E106AA7DFE0EED65493B36EBEC4DAD547B9"	"C:\admirales\script_ver\script_ver\quarantine\under-review\0r-farming\0r-farming\html\img\gereksiz.png"
"D66BD8691EC98D88F0BC819F41784ECC5074242A5DA4BF0AD8406BC548DD0FD1"	"C:\admirales\script_ver\script_ver\quarantine\under-review\0r-farming\0r-farming\html\img\karpuzalt.png"
"71E76FCFED2761204C09ABC15F008A16D3A1E978679CF7A2A746F676153274F6"	"C:\admirales\script_ver\script_ver\quarantine\under-review\0r-farming\0r-farming\html\img\karpuzgereksiz.png"
"2A735ABC524DFC245B9E9B375ADFF02BA08A922E13255978B7F6A49FBD8FC0A4"	"C:\admirales\script_ver\script_ver\quarantine\under-review\0r-farming\0r-farming\html\img\kiyafet.png"
"BB0A796A8FB80C5BEEFE65F7FE08A20CC6DBAAAA790DE77B9AAE3C349FD0E81F"	"C:\admirales\script_ver\script_ver\quarantine\under-review\0r-farming\0r-farming\html\img\kutucukbuday.png"
"C7A188EDE6FE8D46DC440870AB3C25DCD4699339A266A4A52A7D5F2BBCCA386C"	"C:\admirales\script_ver\script_ver\quarantine\under-review\0r-farming\0r-farming\html\img\kutucukcow.png"
"5DEB983E72F373680A38B24FD29005867836F9FD9629D1280B1F4A78E22D9AC5"	"C:\admirales\script_ver\script_ver\quarantine\under-review\0r-farming\0r-farming\html\img\kutucukkarpuz.png"
"2B6D8E03C0F5AEFEB320100B77B359336CC076F94DC3799C64B5259B8EA33A87"	"C:\admirales\script_ver\script_ver\quarantine\under-review\0r-farming\0r-farming\html\img\kutucukpump.png"
"3866ED641237350F275BE083F8F0F617513E7C383A1685514036DB0E8C6EBE1A"	"C:\admirales\script_ver\script_ver\quarantine\under-review\0r-farming\0r-farming\html\img\melon.png"
"72DCA1D5CA935FDF0D3C252DCE7CE0B51C7CD6E36E21F26804FF3E0865846B56"	"C:\admirales\script_ver\script_ver\quarantine\under-review\0r-farming\0r-farming\html\img\melonseed.png"
"92E8FAE8F12AB02AEE0FA2E926F139EBAA9D2C889D25C2EAC9E61EF7C53D81A8"	"C:\admirales\script_ver\script_ver\quarantine\under-review\0r-farming\0r-farming\html\img\milkbottle.png"
"B535CC3D42B15070AF17C04F2101591DA7B7F3A750A75A691784725C81BF9314"	"C:\admirales\script_ver\script_ver\quarantine\under-review\0r-farming\0r-farming\html\img\pumpalt.png"
"E1D89F97E56C2CCE3A56F1CF693836DDDC886EEDF62E8BDFCAC7FE19D9CA7DCA"	"C:\admirales\script_ver\script_ver\quarantine\under-review\0r-farming\0r-farming\html\img\pumpkin.png"
"0E58919937217B09D2398FDED51EBBD1B4D806A67AB0CA32F78F3B6CE6538ECF"	"C:\admirales\script_ver\script_ver\quarantine\under-review\0r-farming\0r-farming\html\img\pumpkinseed.png"
"443D52FBA98628298459ECF0BE3E44C8794B7D458CBF3F7807CCA64C9A0172C3"	"C:\admirales\script_ver\script_ver\quarantine\under-review\0r-farming\0r-farming\html\img\pumpust.png"
"AA90BC2C6EF0B84BB90B355B1697DD380CFE58FD1250EEBB028EA63DF236185D"	"C:\admirales\script_ver\script_ver\quarantine\under-review\0r-farming\0r-farming\html\img\raker.png"
"A05BB512D91B722B7F58DD0A4EA7C3ECE42917D855B8ECF34F8CFF9374C2C47F"	"C:\admirales\script_ver\script_ver\quarantine\under-review\0r-farming\0r-farming\html\img\readme.txt"
"14B5E884E681C52C1D8F8956EBD47905EA7C172FB00CC8B8690FBBA26DD57293"	"C:\admirales\script_ver\script_ver\quarantine\under-review\0r-farming\0r-farming\html\img\sariarkplan.png"
"E28309893FFAFA21114104F02B6C8295C37EEB259B96ED04E16795C94F422116"	"C:\admirales\script_ver\script_ver\quarantine\under-review\0r-farming\0r-farming\html\img\sell.png"
"8DF2A8D46F26F3C26DD464A84C64197F8CFE2B0F05E730F51BF1F652A9CE6936"	"C:\admirales\script_ver\script_ver\quarantine\under-review\0r-farming\0r-farming\html\img\sepetteki.png"
"274E7C0851A0C91790124162619ED31C9D8BA2D8C721C6E5CC7862F9540B7617"	"C:\admirales\script_ver\script_ver\quarantine\under-review\0r-farming\0r-farming\html\img\shovel.png"
"C9D440A4B5517C4FA7FC361ABD774005E79B622294DAA92ED2522BC276C68BB2"	"C:\admirales\script_ver\script_ver\quarantine\under-review\0r-farming\0r-farming\html\img\sol.png"
"F1ECD4592B9D77C93E5B7351EEE52EF5B9A325F7555091DE483FA8B1A4675C52"	"C:\admirales\script_ver\script_ver\quarantine\under-review\0r-farming\0r-farming\html\img\tabler_minus.svg"
"4CB35123D6DD6FB2D2815C1F4CE5B56D818AA9B7D0ADA4077500A32B7AEBB0F7"	"C:\admirales\script_ver\script_ver\quarantine\under-review\0r-farming\0r-farming\html\img\ustkarpuz.png"
"1582AFFB2E8AF8C3836F5B4226386E8EEC87A2DA372D773D8713812D1BA905C9"	"C:\admirales\script_ver\script_ver\quarantine\under-review\0r-farming\0r-farming\html\img\wateringcan.png"
"B33E1E8C78BDA90056C5C1E8010B032B5A62D23AF91868C259B017D6C83CF778"	"C:\admirales\script_ver\script_ver\quarantine\under-review\0r-farming\0r-farming\html\img\wheat.png"
"C435E7FE133F13FFA068DFA6DD1CD823655A2AC9CBB518BFCF9B3BB364AED642"	"C:\admirales\script_ver\script_ver\quarantine\under-review\0r-farming\0r-farming\html\img\wheatseed.png"
"A05BB512D91B722B7F58DD0A4EA7C3ECE42917D855B8ECF34F8CFF9374C2C47F"	"C:\admirales\script_ver\script_ver\quarantine\under-review\0r-farming\0r-farming\server\readme.txt"
"670A914D52D6B0D5FA922A0689AED0047AF7E1CD6A5DC84EB3AD8D9B7C39BAE1"	"C:\admirales\script_ver\script_ver\quarantine\under-review\0r-farming\0r-farming\server\sv_cow.lua"
"2F82AE2DA280002F94A7AEDA9D1A58055CA0F7A510D85EBC8A68275CB8395E6B"	"C:\admirales\script_ver\script_ver\quarantine\under-review\0r-farming\0r-farming\server\sv_main.lua"
"0C902AE7B1EEC72630FF5B0D5EA43CDCDE66437166A1D913A4933431D4467F53"	"C:\admirales\script_ver\script_ver\quarantine\under-review\0r-farming\0r-farming\server\sv_melon.lua"
"FC53EE9DB3BF4CD1B6F1132F26E7CBB942E82F1568D7BF5BEEE61B41D5930EA4"	"C:\admirales\script_ver\script_ver\quarantine\under-review\0r-farming\0r-farming\server\sv_pumpkin.lua"
"57ABBA48CA34E1935160185FCB6C05E832E2D7F424C7263A13289E6CD5B3A48F"	"C:\admirales\script_ver\script_ver\quarantine\under-review\0r-farming\0r-farming\server\sv_wheat.lua"
"832FACA1FCC20F3993EB159A5396CE1143D4523D48CC4FD1BE0C53C8842D4FA6"	"C:\admirales\script_ver\script_ver\quarantine\under-review\0r-farming\0r-farming\shared\config.lua"
"24F7AA72A1B48C6AB60F0165CC84014E65A44D77CEED23A99681BEE5FFF5690F"	"C:\admirales\script_ver\script_ver\quarantine\under-review\0r-farming\0r-farming\shared\Language.lua"
"A05BB512D91B722B7F58DD0A4EA7C3ECE42917D855B8ECF34F8CFF9374C2C47F"	"C:\admirales\script_ver\script_ver\quarantine\under-review\0r-farming\0r-farming\shared\readme.txt"
"5A6D3A939070D2E5C3FA6AAF41726A3684FC8DE8A67145ED28FF606EB7931711"	"C:\admirales\script_ver\script_ver\quarantine\under-review\0r-farming\0r-farming\shared\sh_cow.lua"
"3F52A0BB09DAC9945AA96649BFAD12704FCEE74ED2DA2BC88D376F78A0F76E86"	"C:\admirales\script_ver\script_ver\quarantine\under-review\0r-farming\0r-farming\shared\sh_main.lua"
"D9D238A0C9ABA015678E2F8C9D6F5FAB5170EB3C23597EA4F4EBD31DBC671A7D"	"C:\admirales\script_ver\script_ver\quarantine\under-review\0r-farming\0r-farming\shared\sh_melon.lua"
"FA423F08E836BF70519195F05DC9E14772BBD83E380B700641D30B8953A4D283"	"C:\admirales\script_ver\script_ver\quarantine\under-review\0r-farming\0r-farming\shared\sh_pumpkin.lua"
"D29F1FB929161750C019D64C2B179E0394E615E7B230A7B942EF8821698AA73B"	"C:\admirales\script_ver\script_ver\quarantine\under-review\0r-farming\0r-farming\shared\sh_wheat.lua"
"1D13F8A2C97EAE7E2EF7E17ED7F36E01937B3864E4F7F586C44C98D2BD64ECAB"	"C:\admirales\script_ver\script_ver\quarantine\under-review\0r-farming\0r-farming-assets\fxmanifest.lua"
"A05BB512D91B722B7F58DD0A4EA7C3ECE42917D855B8ECF34F8CFF9374C2C47F"	"C:\admirales\script_ver\script_ver\quarantine\under-review\0r-farming\0r-farming-assets\readme.txt"
"EB07A948DE769CA73182F892E8EC7C63C161D0AD7BDDB5F08DDA7991A6457866"	"C:\admirales\script_ver\script_ver\quarantine\under-review\0r-farming\0r-farming-assets\stream\baletrailer+hi.ytd"
"51F3DABE8F41265F064429F0630022DF6875DE718F70F319E883962D097F6ABB"	"C:\admirales\script_ver\script_ver\quarantine\under-review\0r-farming\0r-farming-assets\stream\baletrailer.yft"
"2C88260DAA0888E6F404BB998C9EF9D4AEF7A8EFBB59C173F4A30E643A04CB34"	"C:\admirales\script_ver\script_ver\quarantine\under-review\0r-farming\0r-farming-assets\stream\baletrailer.ytd"
"15F5CFC91062C96C5BD99EF1E38C871807572223F87FEF864DEBC0B256EDFCC1"	"C:\admirales\script_ver\script_ver\quarantine\under-review\0r-farming\0r-farming-assets\stream\baletrailer_hi.yft"
"CA075AC1EF83CAF3DED1BD6128C5050DCF2D4B589CE1BC452A832935F82473D9"	"C:\admirales\script_ver\script_ver\quarantine\under-review\0r-farming\0r-farming-assets\stream\prop_veg_crop_03_cab.yft"
"9316CE16F3B10B0FBCAB9F9AF690A601711FD82BA92A256A7083CBB35715085B"	"C:\admirales\script_ver\script_ver\quarantine\under-review\0r-farming\0r-farming-assets\stream\tractor3.yft"
"4ED211FF96D043449812D5B55CD26D5ACC1DB83F93E148170A4720EE582FD690"	"C:\admirales\script_ver\script_ver\quarantine\under-review\0r-farming\0r-farming-assets\stream\tractor3.ytd"
"9316CE16F3B10B0FBCAB9F9AF690A601711FD82BA92A256A7083CBB35715085B"	"C:\admirales\script_ver\script_ver\quarantine\under-review\0r-farming\0r-farming-assets\stream\tractor3_hi.yft"
