"FullName","Length","Extension"
"C:\admirales\script_ver\script_ver\quarantine\under-review\[illegal-pack]-escrow-v1_1_3.pack\0r-illegalpack\.fxap","185",".fxap"
"C:\admirales\script_ver\script_ver\quarantine\under-review\[illegal-pack]-escrow-v1_1_3.pack\0r-illegalpack\client.lua","6211",".lua"
"C:\admirales\script_ver\script_ver\quarantine\under-review\[illegal-pack]-escrow-v1_1_3.pack\0r-illegalpack\config.lua","5011",".lua"
"C:\admirales\script_ver\script_ver\quarantine\under-review\[illegal-pack]-escrow-v1_1_3.pack\0r-illegalpack\database.sql","414",".sql"
"C:\admirales\script_ver\script_ver\quarantine\under-review\[illegal-pack]-escrow-v1_1_3.pack\0r-illegalpack\fxmanifest.lua","962",".lua"
"C:\admirales\script_ver\script_ver\quarantine\under-review\[illegal-pack]-escrow-v1_1_3.pack\0r-illegalpack\readme.md","661",".md"
"C:\admirales\script_ver\script_ver\quarantine\under-review\[illegal-pack]-escrow-v1_1_3.pack\0r-illegalpack\server.lua","1872",".lua"
"C:\admirales\script_ver\script_ver\quarantine\under-review\[illegal-pack]-escrow-v1_1_3.pack\0r-illegalpack\escrow\chat\client.lua","583",".lua"
"C:\admirales\script_ver\script_ver\quarantine\under-review\[illegal-pack]-escrow-v1_1_3.pack\0r-illegalpack\escrow\chat\server.lua","977",".lua"
"C:\admirales\script_ver\script_ver\quarantine\under-review\[illegal-pack]-escrow-v1_1_3.pack\0r-illegalpack\escrow\jobs\client_index.lua","5943",".lua"
"C:\admirales\script_ver\script_ver\quarantine\under-review\[illegal-pack]-escrow-v1_1_3.pack\0r-illegalpack\escrow\jobs\server_index.lua","8126",".lua"
"C:\admirales\script_ver\script_ver\quarantine\under-review\[illegal-pack]-escrow-v1_1_3.pack\0r-illegalpack\escrow\jobs\bag_snatch\client.lua","9967",".lua"
"C:\admirales\script_ver\script_ver\quarantine\under-review\[illegal-pack]-escrow-v1_1_3.pack\0r-illegalpack\escrow\jobs\bag_snatch\config.lua","6556",".lua"
"C:\admirales\script_ver\script_ver\quarantine\under-review\[illegal-pack]-escrow-v1_1_3.pack\0r-illegalpack\escrow\jobs\bag_snatch\server.lua","6836",".lua"
"C:\admirales\script_ver\script_ver\quarantine\under-review\[illegal-pack]-escrow-v1_1_3.pack\0r-illegalpack\escrow\jobs\car_theft\client.lua","7944",".lua"
"C:\admirales\script_ver\script_ver\quarantine\under-review\[illegal-pack]-escrow-v1_1_3.pack\0r-illegalpack\escrow\jobs\car_theft\config.lua","3778",".lua"
"C:\admirales\script_ver\script_ver\quarantine\under-review\[illegal-pack]-escrow-v1_1_3.pack\0r-illegalpack\escrow\jobs\car_theft\server.lua","6008",".lua"
"C:\admirales\script_ver\script_ver\quarantine\under-review\[illegal-pack]-escrow-v1_1_3.pack\0r-illegalpack\escrow\jobs\chicken_kidnapping\client.lua","16634",".lua"
"C:\admirales\script_ver\script_ver\quarantine\under-review\[illegal-pack]-escrow-v1_1_3.pack\0r-illegalpack\escrow\jobs\chicken_kidnapping\config.lua","4253",".lua"
"C:\admirales\script_ver\script_ver\quarantine\under-review\[illegal-pack]-escrow-v1_1_3.pack\0r-illegalpack\escrow\jobs\chicken_kidnapping\server.lua","5588",".lua"
"C:\admirales\script_ver\script_ver\quarantine\under-review\[illegal-pack]-escrow-v1_1_3.pack\0r-illegalpack\escrow\jobs\chop_shop\client.lua","10022",".lua"
"C:\admirales\script_ver\script_ver\quarantine\under-review\[illegal-pack]-escrow-v1_1_3.pack\0r-illegalpack\escrow\jobs\chop_shop\config.lua","3463",".lua"
"C:\admirales\script_ver\script_ver\quarantine\under-review\[illegal-pack]-escrow-v1_1_3.pack\0r-illegalpack\escrow\jobs\chop_shop\server.lua","5241",".lua"
"C:\admirales\script_ver\script_ver\quarantine\under-review\[illegal-pack]-escrow-v1_1_3.pack\0r-illegalpack\escrow\jobs\cocaine_job\client.lua","15457",".lua"
"C:\admirales\script_ver\script_ver\quarantine\under-review\[illegal-pack]-escrow-v1_1_3.pack\0r-illegalpack\escrow\jobs\cocaine_job\config.lua","6089",".lua"
"C:\admirales\script_ver\script_ver\quarantine\under-review\[illegal-pack]-escrow-v1_1_3.pack\0r-illegalpack\escrow\jobs\cocaine_job\server.lua","7585",".lua"
"C:\admirales\script_ver\script_ver\quarantine\under-review\[illegal-pack]-escrow-v1_1_3.pack\0r-illegalpack\escrow\jobs\container_heli\client.lua","13294",".lua"
"C:\admirales\script_ver\script_ver\quarantine\under-review\[illegal-pack]-escrow-v1_1_3.pack\0r-illegalpack\escrow\jobs\container_heli\config.lua","3176",".lua"
"C:\admirales\script_ver\script_ver\quarantine\under-review\[illegal-pack]-escrow-v1_1_3.pack\0r-illegalpack\escrow\jobs\container_heli\server.lua","5770",".lua"
"C:\admirales\script_ver\script_ver\quarantine\under-review\[illegal-pack]-escrow-v1_1_3.pack\0r-illegalpack\escrow\jobs\corner_deal\client.lua","8329",".lua"
"C:\admirales\script_ver\script_ver\quarantine\under-review\[illegal-pack]-escrow-v1_1_3.pack\0r-illegalpack\escrow\jobs\corner_deal\config.lua","2514",".lua"
"C:\admirales\script_ver\script_ver\quarantine\under-review\[illegal-pack]-escrow-v1_1_3.pack\0r-illegalpack\escrow\jobs\corner_deal\server.lua","3511",".lua"
"C:\admirales\script_ver\script_ver\quarantine\under-review\[illegal-pack]-escrow-v1_1_3.pack\0r-illegalpack\escrow\jobs\counterfeit_money\client.lua","15347",".lua"
"C:\admirales\script_ver\script_ver\quarantine\under-review\[illegal-pack]-escrow-v1_1_3.pack\0r-illegalpack\escrow\jobs\counterfeit_money\config.lua","5331",".lua"
"C:\admirales\script_ver\script_ver\quarantine\under-review\[illegal-pack]-escrow-v1_1_3.pack\0r-illegalpack\escrow\jobs\counterfeit_money\server.lua","7870",".lua"
"C:\admirales\script_ver\script_ver\quarantine\under-review\[illegal-pack]-escrow-v1_1_3.pack\0r-illegalpack\escrow\jobs\diving\client.lua","8272",".lua"
"C:\admirales\script_ver\script_ver\quarantine\under-review\[illegal-pack]-escrow-v1_1_3.pack\0r-illegalpack\escrow\jobs\diving\config.lua","3003",".lua"
"C:\admirales\script_ver\script_ver\quarantine\under-review\[illegal-pack]-escrow-v1_1_3.pack\0r-illegalpack\escrow\jobs\diving\server.lua","3838",".lua"
"C:\admirales\script_ver\script_ver\quarantine\under-review\[illegal-pack]-escrow-v1_1_3.pack\0r-illegalpack\escrow\jobs\fraud\client.lua","11525",".lua"
"C:\admirales\script_ver\script_ver\quarantine\under-review\[illegal-pack]-escrow-v1_1_3.pack\0r-illegalpack\escrow\jobs\fraud\config.lua","2496",".lua"
"C:\admirales\script_ver\script_ver\quarantine\under-review\[illegal-pack]-escrow-v1_1_3.pack\0r-illegalpack\escrow\jobs\fraud\server.lua","6756",".lua"
"C:\admirales\script_ver\script_ver\quarantine\under-review\[illegal-pack]-escrow-v1_1_3.pack\0r-illegalpack\escrow\jobs\gun_smuggling\client.lua","19162",".lua"
"C:\admirales\script_ver\script_ver\quarantine\under-review\[illegal-pack]-escrow-v1_1_3.pack\0r-illegalpack\escrow\jobs\gun_smuggling\config.lua","3077",".lua"
"C:\admirales\script_ver\script_ver\quarantine\under-review\[illegal-pack]-escrow-v1_1_3.pack\0r-illegalpack\escrow\jobs\gun_smuggling\server.lua","7345",".lua"
"C:\admirales\script_ver\script_ver\quarantine\under-review\[illegal-pack]-escrow-v1_1_3.pack\0r-illegalpack\escrow\jobs\illegal_delivery\client.lua","12374",".lua"
"C:\admirales\script_ver\script_ver\quarantine\under-review\[illegal-pack]-escrow-v1_1_3.pack\0r-illegalpack\escrow\jobs\illegal_delivery\config.lua","3244",".lua"
"C:\admirales\script_ver\script_ver\quarantine\under-review\[illegal-pack]-escrow-v1_1_3.pack\0r-illegalpack\escrow\jobs\illegal_delivery\server.lua","5564",".lua"
"C:\admirales\script_ver\script_ver\quarantine\under-review\[illegal-pack]-escrow-v1_1_3.pack\0r-illegalpack\escrow\jobs\meth_job\client.lua","16260",".lua"
"C:\admirales\script_ver\script_ver\quarantine\under-review\[illegal-pack]-escrow-v1_1_3.pack\0r-illegalpack\escrow\jobs\meth_job\config.lua","4103",".lua"
"C:\admirales\script_ver\script_ver\quarantine\under-review\[illegal-pack]-escrow-v1_1_3.pack\0r-illegalpack\escrow\jobs\meth_job\server.lua","7550",".lua"
"C:\admirales\script_ver\script_ver\quarantine\under-review\[illegal-pack]-escrow-v1_1_3.pack\0r-illegalpack\escrow\jobs\money_laundering\client.lua","5155",".lua"
"C:\admirales\script_ver\script_ver\quarantine\under-review\[illegal-pack]-escrow-v1_1_3.pack\0r-illegalpack\escrow\jobs\money_laundering\config.lua","2877",".lua"
"C:\admirales\script_ver\script_ver\quarantine\under-review\[illegal-pack]-escrow-v1_1_3.pack\0r-illegalpack\escrow\jobs\money_laundering\server.lua","4732",".lua"
"C:\admirales\script_ver\script_ver\quarantine\under-review\[illegal-pack]-escrow-v1_1_3.pack\0r-illegalpack\escrow\jobs\moonshine\client.lua","25145",".lua"
"C:\admirales\script_ver\script_ver\quarantine\under-review\[illegal-pack]-escrow-v1_1_3.pack\0r-illegalpack\escrow\jobs\moonshine\config.lua","3468",".lua"
"C:\admirales\script_ver\script_ver\quarantine\under-review\[illegal-pack]-escrow-v1_1_3.pack\0r-illegalpack\escrow\jobs\moonshine\server.lua","12151",".lua"
"C:\admirales\script_ver\script_ver\quarantine\under-review\[illegal-pack]-escrow-v1_1_3.pack\0r-illegalpack\escrow\jobs\npc_boxing\client.lua","9923",".lua"
"C:\admirales\script_ver\script_ver\quarantine\under-review\[illegal-pack]-escrow-v1_1_3.pack\0r-illegalpack\escrow\jobs\npc_boxing\config.lua","2961",".lua"
"C:\admirales\script_ver\script_ver\quarantine\under-review\[illegal-pack]-escrow-v1_1_3.pack\0r-illegalpack\escrow\jobs\npc_boxing\server.lua","3035",".lua"
"C:\admirales\script_ver\script_ver\quarantine\under-review\[illegal-pack]-escrow-v1_1_3.pack\0r-illegalpack\escrow\jobs\plane_drug_delivery\client.lua","12130",".lua"
"C:\admirales\script_ver\script_ver\quarantine\under-review\[illegal-pack]-escrow-v1_1_3.pack\0r-illegalpack\escrow\jobs\plane_drug_delivery\config.lua","6498",".lua"
"C:\admirales\script_ver\script_ver\quarantine\under-review\[illegal-pack]-escrow-v1_1_3.pack\0r-illegalpack\escrow\jobs\plane_drug_delivery\server.lua","5869",".lua"
"C:\admirales\script_ver\script_ver\quarantine\under-review\[illegal-pack]-escrow-v1_1_3.pack\0r-illegalpack\escrow\jobs\weed_job\client.lua","14283",".lua"
"C:\admirales\script_ver\script_ver\quarantine\under-review\[illegal-pack]-escrow-v1_1_3.pack\0r-illegalpack\escrow\jobs\weed_job\config.lua","5593",".lua"
"C:\admirales\script_ver\script_ver\quarantine\under-review\[illegal-pack]-escrow-v1_1_3.pack\0r-illegalpack\escrow\jobs\weed_job\server.lua","7562",".lua"
"C:\admirales\script_ver\script_ver\quarantine\under-review\[illegal-pack]-escrow-v1_1_3.pack\0r-illegalpack\escrow\lobby\client.lua","2456",".lua"
"C:\admirales\script_ver\script_ver\quarantine\under-review\[illegal-pack]-escrow-v1_1_3.pack\0r-illegalpack\escrow\lobby\server.lua","5741",".lua"
"C:\admirales\script_ver\script_ver\quarantine\under-review\[illegal-pack]-escrow-v1_1_3.pack\0r-illegalpack\escrow\market\client.lua","4162",".lua"
"C:\admirales\script_ver\script_ver\quarantine\under-review\[illegal-pack]-escrow-v1_1_3.pack\0r-illegalpack\escrow\market\config.lua","1485",".lua"
"C:\admirales\script_ver\script_ver\quarantine\under-review\[illegal-pack]-escrow-v1_1_3.pack\0r-illegalpack\escrow\market\server.lua","3223",".lua"
"C:\admirales\script_ver\script_ver\quarantine\under-review\[illegal-pack]-escrow-v1_1_3.pack\0r-illegalpack\escrow\profile\client.lua","1736",".lua"
"C:\admirales\script_ver\script_ver\quarantine\under-review\[illegal-pack]-escrow-v1_1_3.pack\0r-illegalpack\escrow\profile\server.lua","3428",".lua"
"C:\admirales\script_ver\script_ver\quarantine\under-review\[illegal-pack]-escrow-v1_1_3.pack\0r-illegalpack\locales\en.json","25998",".json"
"C:\admirales\script_ver\script_ver\quarantine\under-review\[illegal-pack]-escrow-v1_1_3.pack\0r-illegalpack\modules\bridge\init.lua","280",".lua"
"C:\admirales\script_ver\script_ver\quarantine\under-review\[illegal-pack]-escrow-v1_1_3.pack\0r-illegalpack\modules\bridge\esx\client.lua","2323",".lua"
"C:\admirales\script_ver\script_ver\quarantine\under-review\[illegal-pack]-escrow-v1_1_3.pack\0r-illegalpack\modules\bridge\esx\server.lua","2304",".lua"
"C:\admirales\script_ver\script_ver\quarantine\under-review\[illegal-pack]-escrow-v1_1_3.pack\0r-illegalpack\modules\bridge\qb\client.lua","2084",".lua"
"C:\admirales\script_ver\script_ver\quarantine\under-review\[illegal-pack]-escrow-v1_1_3.pack\0r-illegalpack\modules\bridge\qb\server.lua","2391",".lua"
"C:\admirales\script_ver\script_ver\quarantine\under-review\[illegal-pack]-escrow-v1_1_3.pack\0r-illegalpack\modules\bridge\qbx\client.lua","621",".lua"
"C:\admirales\script_ver\script_ver\quarantine\under-review\[illegal-pack]-escrow-v1_1_3.pack\0r-illegalpack\modules\bridge\qbx\server.lua","2185",".lua"
"C:\admirales\script_ver\script_ver\quarantine\under-review\[illegal-pack]-escrow-v1_1_3.pack\0r-illegalpack\modules\digiscanner\client.lua","4750",".lua"
"C:\admirales\script_ver\script_ver\quarantine\under-review\[illegal-pack]-escrow-v1_1_3.pack\0r-illegalpack\modules\exports\client.lua","1299",".lua"
"C:\admirales\script_ver\script_ver\quarantine\under-review\[illegal-pack]-escrow-v1_1_3.pack\0r-illegalpack\modules\exports\server.lua","1306",".lua"
"C:\admirales\script_ver\script_ver\quarantine\under-review\[illegal-pack]-escrow-v1_1_3.pack\0r-illegalpack\modules\inventory\server.lua","2239",".lua"
"C:\admirales\script_ver\script_ver\quarantine\under-review\[illegal-pack]-escrow-v1_1_3.pack\0r-illegalpack\modules\lockmanager\server.lua","433",".lua"
"C:\admirales\script_ver\script_ver\quarantine\under-review\[illegal-pack]-escrow-v1_1_3.pack\0r-illegalpack\modules\mysql\server.lua","2391",".lua"
"C:\admirales\script_ver\script_ver\quarantine\under-review\[illegal-pack]-escrow-v1_1_3.pack\0r-illegalpack\modules\target\client.lua","3982",".lua"
"C:\admirales\script_ver\script_ver\quarantine\under-review\[illegal-pack]-escrow-v1_1_3.pack\0r-illegalpack\modules\utils\client.lua","6062",".lua"
"C:\admirales\script_ver\script_ver\quarantine\under-review\[illegal-pack]-escrow-v1_1_3.pack\0r-illegalpack\modules\utils\server.lua","1346",".lua"
"C:\admirales\script_ver\script_ver\quarantine\under-review\[illegal-pack]-escrow-v1_1_3.pack\0r-illegalpack\modules\weather\client.lua","802",".lua"
"C:\admirales\script_ver\script_ver\quarantine\under-review\[illegal-pack]-escrow-v1_1_3.pack\0r-illegalpack\shared\client_debug.lua","5771",".lua"
"C:\admirales\script_ver\script_ver\quarantine\under-review\[illegal-pack]-escrow-v1_1_3.pack\0r-illegalpack\shared\init.lua","2941",".lua"
"C:\admirales\script_ver\script_ver\quarantine\under-review\[illegal-pack]-escrow-v1_1_3.pack\0r-illegalpack\shared\types\__job.lua","2518",".lua"
"C:\admirales\script_ver\script_ver\quarantine\under-review\[illegal-pack]-escrow-v1_1_3.pack\0r-illegalpack\shared\types\__lobby.lua","282",".lua"
"C:\admirales\script_ver\script_ver\quarantine\under-review\[illegal-pack]-escrow-v1_1_3.pack\0r-illegalpack\shared\types\__market.lua","289",".lua"
"C:\admirales\script_ver\script_ver\quarantine\under-review\[illegal-pack]-escrow-v1_1_3.pack\0r-illegalpack\stream\horoz_cage.ydr","2194796",".ydr"
"C:\admirales\script_ver\script_ver\quarantine\under-review\[illegal-pack]-escrow-v1_1_3.pack\0r-illegalpack\stream\horoz_cage.ytyp","495",".ytyp"
"C:\admirales\script_ver\script_ver\quarantine\under-review\[illegal-pack]-escrow-v1_1_3.pack\0r-illegalpack\ui\build\index.html","860",".html"
"C:\admirales\script_ver\script_ver\quarantine\under-review\[illegal-pack]-escrow-v1_1_3.pack\0r-illegalpack\ui\build\assets\index-BA1jSRRv.js","889432",".js"
"C:\admirales\script_ver\script_ver\quarantine\under-review\[illegal-pack]-escrow-v1_1_3.pack\0r-illegalpack\ui\build\assets\index-D-mUWqdQ.css","34877",".css"
"C:\admirales\script_ver\script_ver\quarantine\under-review\[illegal-pack]-escrow-v1_1_3.pack\0r-illegalpack\ui\build\images\common\fraud_bg.png","342091",".png"
"C:\admirales\script_ver\script_ver\quarantine\under-review\[illegal-pack]-escrow-v1_1_3.pack\0r-illegalpack\ui\build\images\common\f_credit_card.png","72930",".png"
"C:\admirales\script_ver\script_ver\quarantine\under-review\[illegal-pack]-escrow-v1_1_3.pack\0r-illegalpack\ui\build\images\common\mask_01.png","61800",".png"
"C:\admirales\script_ver\script_ver\quarantine\under-review\[illegal-pack]-escrow-v1_1_3.pack\0r-illegalpack\ui\build\images\common\profile_01.png","100958",".png"
"C:\admirales\script_ver\script_ver\quarantine\under-review\[illegal-pack]-escrow-v1_1_3.pack\0r-illegalpack\ui\build\images\common\profile_02.png","104754",".png"
"C:\admirales\script_ver\script_ver\quarantine\under-review\[illegal-pack]-escrow-v1_1_3.pack\0r-illegalpack\ui\build\images\common\profile_03.png","88403",".png"
"C:\admirales\script_ver\script_ver\quarantine\under-review\[illegal-pack]-escrow-v1_1_3.pack\0r-illegalpack\ui\build\images\common\profile_04.png","83278",".png"
"C:\admirales\script_ver\script_ver\quarantine\under-review\[illegal-pack]-escrow-v1_1_3.pack\0r-illegalpack\ui\build\images\common\profile_05.png","108353",".png"
"C:\admirales\script_ver\script_ver\quarantine\under-review\[illegal-pack]-escrow-v1_1_3.pack\0r-illegalpack\ui\build\images\common\profile_06.png","124089",".png"
"C:\admirales\script_ver\script_ver\quarantine\under-review\[illegal-pack]-escrow-v1_1_3.pack\0r-illegalpack\ui\build\images\common\profile_07.png","101241",".png"
"C:\admirales\script_ver\script_ver\quarantine\under-review\[illegal-pack]-escrow-v1_1_3.pack\0r-illegalpack\ui\build\images\common\profile_08.png","99507",".png"
"C:\admirales\script_ver\script_ver\quarantine\under-review\[illegal-pack]-escrow-v1_1_3.pack\0r-illegalpack\ui\build\images\common\union_01.png","3649",".png"
"C:\admirales\script_ver\script_ver\quarantine\under-review\[illegal-pack]-escrow-v1_1_3.pack\0r-illegalpack\ui\build\images\common\union_02.png","3435",".png"
"C:\admirales\script_ver\script_ver\quarantine\under-review\[illegal-pack]-escrow-v1_1_3.pack\0r-illegalpack\ui\build\images\common\union_invite_modal.png","2019",".png"
"C:\admirales\script_ver\script_ver\quarantine\under-review\[illegal-pack]-escrow-v1_1_3.pack\0r-illegalpack\ui\build\images\common\union_job_info.png","2420",".png"
"C:\admirales\script_ver\script_ver\quarantine\under-review\[illegal-pack]-escrow-v1_1_3.pack\0r-illegalpack\ui\build\images\common\union_market_item.png","4629",".png"
"C:\admirales\script_ver\script_ver\quarantine\under-review\[illegal-pack]-escrow-v1_1_3.pack\0r-illegalpack\ui\build\images\common\union_progress.png","2099",".png"
"C:\admirales\script_ver\script_ver\quarantine\under-review\[illegal-pack]-escrow-v1_1_3.pack\0r-illegalpack\ui\build\images\icons\diamond.svg","372",".svg"
"C:\admirales\script_ver\script_ver\quarantine\under-review\[illegal-pack]-escrow-v1_1_3.pack\0r-illegalpack\ui\build\images\icons\info.svg","1701",".svg"
"C:\admirales\script_ver\script_ver\quarantine\under-review\[illegal-pack]-escrow-v1_1_3.pack\0r-illegalpack\ui\build\images\icons\lock.svg","1218",".svg"
"C:\admirales\script_ver\script_ver\quarantine\under-review\[illegal-pack]-escrow-v1_1_3.pack\0r-illegalpack\ui\build\images\icons\shop.svg","2024",".svg"
"C:\admirales\script_ver\script_ver\quarantine\under-review\[illegal-pack]-escrow-v1_1_3.pack\0r-illegalpack\ui\build\images\icons\star.svg","1983",".svg"
"C:\admirales\script_ver\script_ver\quarantine\under-review\[illegal-pack]-escrow-v1_1_3.pack\0r-illegalpack\ui\build\images\icons\thief.svg","4857",".svg"
"C:\admirales\script_ver\script_ver\quarantine\under-review\[illegal-pack]-escrow-v1_1_3.pack\0r-illegalpack\ui\build\images\icons\userinvite.svg","1436",".svg"
"C:\admirales\script_ver\script_ver\quarantine\under-review\[illegal-pack]-escrow-v1_1_3.pack\0r-illegalpack\ui\build\items\adrenaline.png","71344",".png"
"C:\admirales\script_ver\script_ver\quarantine\under-review\[illegal-pack]-escrow-v1_1_3.pack\0r-illegalpack\ui\build\items\ammonia.png","8568",".png"
"C:\admirales\script_ver\script_ver\quarantine\under-review\[illegal-pack]-escrow-v1_1_3.pack\0r-illegalpack\ui\build\items\anchor.png","17198",".png"
"C:\admirales\script_ver\script_ver\quarantine\under-review\[illegal-pack]-escrow-v1_1_3.pack\0r-illegalpack\ui\build\items\atm_hack_device.png","22773",".png"
"C:\admirales\script_ver\script_ver\quarantine\under-review\[illegal-pack]-escrow-v1_1_3.pack\0r-illegalpack\ui\build\items\atm_hack_phone.png","122241",".png"
"C:\admirales\script_ver\script_ver\quarantine\under-review\[illegal-pack]-escrow-v1_1_3.pack\0r-illegalpack\ui\build\items\atm_hack_tablet.png","115780",".png"
"C:\admirales\script_ver\script_ver\quarantine\under-review\[illegal-pack]-escrow-v1_1_3.pack\0r-illegalpack\ui\build\items\blank_card.png","13307",".png"
"C:\admirales\script_ver\script_ver\quarantine\under-review\[illegal-pack]-escrow-v1_1_3.pack\0r-illegalpack\ui\build\items\blended_ingredients.png","83173",".png"
"C:\admirales\script_ver\script_ver\quarantine\under-review\[illegal-pack]-escrow-v1_1_3.pack\0r-illegalpack\ui\build\items\breaked_meth.png","43736",".png"
"C:\admirales\script_ver\script_ver\quarantine\under-review\[illegal-pack]-escrow-v1_1_3.pack\0r-illegalpack\ui\build\items\cooked_meth.png","31111",".png"
"C:\admirales\script_ver\script_ver\quarantine\under-review\[illegal-pack]-escrow-v1_1_3.pack\0r-illegalpack\ui\build\items\copperwire.png","93444",".png"
"C:\admirales\script_ver\script_ver\quarantine\under-review\[illegal-pack]-escrow-v1_1_3.pack\0r-illegalpack\ui\build\items\credit_card.png","10827",".png"
"C:\admirales\script_ver\script_ver\quarantine\under-review\[illegal-pack]-escrow-v1_1_3.pack\0r-illegalpack\ui\build\items\crushed_ingredients.png","85282",".png"
"C:\admirales\script_ver\script_ver\quarantine\under-review\[illegal-pack]-escrow-v1_1_3.pack\0r-illegalpack\ui\build\items\cutted_coke.png","26498",".png"
"C:\admirales\script_ver\script_ver\quarantine\under-review\[illegal-pack]-escrow-v1_1_3.pack\0r-illegalpack\ui\build\items\cutted_money.png","17770",".png"
"C:\admirales\script_ver\script_ver\quarantine\under-review\[illegal-pack]-escrow-v1_1_3.pack\0r-illegalpack\ui\build\items\fake_credit_card.png","86918",".png"
"C:\admirales\script_ver\script_ver\quarantine\under-review\[illegal-pack]-escrow-v1_1_3.pack\0r-illegalpack\ui\build\items\illegal_tablet.png","59439",".png"
"C:\admirales\script_ver\script_ver\quarantine\under-review\[illegal-pack]-escrow-v1_1_3.pack\0r-illegalpack\ui\build\items\lockpick.png","2537",".png"
"C:\admirales\script_ver\script_ver\quarantine\under-review\[illegal-pack]-escrow-v1_1_3.pack\0r-illegalpack\ui\build\items\medkit.png","499435",".png"
"C:\admirales\script_ver\script_ver\quarantine\under-review\[illegal-pack]-escrow-v1_1_3.pack\0r-illegalpack\ui\build\items\money_sheet.png","654350",".png"
"C:\admirales\script_ver\script_ver\quarantine\under-review\[illegal-pack]-escrow-v1_1_3.pack\0r-illegalpack\ui\build\items\moonshine.png","228112",".png"
"C:\admirales\script_ver\script_ver\quarantine\under-review\[illegal-pack]-escrow-v1_1_3.pack\0r-illegalpack\ui\build\items\moonshine_pack.png","294658",".png"
"C:\admirales\script_ver\script_ver\quarantine\under-review\[illegal-pack]-escrow-v1_1_3.pack\0r-illegalpack\ui\build\items\moonshine_still.png","35194",".png"
"C:\admirales\script_ver\script_ver\quarantine\under-review\[illegal-pack]-escrow-v1_1_3.pack\0r-illegalpack\ui\build\items\old_corn.png","65302",".png"
"C:\admirales\script_ver\script_ver\quarantine\under-review\[illegal-pack]-escrow-v1_1_3.pack\0r-illegalpack\ui\build\items\old_fruit.png","47627",".png"
"C:\admirales\script_ver\script_ver\quarantine\under-review\[illegal-pack]-escrow-v1_1_3.pack\0r-illegalpack\ui\build\items\packed_coke.png","22369",".png"
"C:\admirales\script_ver\script_ver\quarantine\under-review\[illegal-pack]-escrow-v1_1_3.pack\0r-illegalpack\ui\build\items\packed_meth.png","22369",".png"
"C:\admirales\script_ver\script_ver\quarantine\under-review\[illegal-pack]-escrow-v1_1_3.pack\0r-illegalpack\ui\build\items\packed_weed.png","22369",".png"
"C:\admirales\script_ver\script_ver\quarantine\under-review\[illegal-pack]-escrow-v1_1_3.pack\0r-illegalpack\ui\build\items\painkiller.png","439095",".png"
"C:\admirales\script_ver\script_ver\quarantine\under-review\[illegal-pack]-escrow-v1_1_3.pack\0r-illegalpack\ui\build\items\plant_spray.png","31543",".png"
"C:\admirales\script_ver\script_ver\quarantine\under-review\[illegal-pack]-escrow-v1_1_3.pack\0r-illegalpack\ui\build\items\powdered_milk.png","29898",".png"
"C:\admirales\script_ver\script_ver\quarantine\under-review\[illegal-pack]-escrow-v1_1_3.pack\0r-illegalpack\ui\build\items\rolled_weed.png","20182",".png"
"C:\admirales\script_ver\script_ver\quarantine\under-review\[illegal-pack]-escrow-v1_1_3.pack\0r-illegalpack\ui\build\items\sacid.png","42067",".png"
"C:\admirales\script_ver\script_ver\quarantine\under-review\[illegal-pack]-escrow-v1_1_3.pack\0r-illegalpack\ui\build\items\scrapmetal.png","97370",".png"
"C:\admirales\script_ver\script_ver\quarantine\under-review\[illegal-pack]-escrow-v1_1_3.pack\0r-illegalpack\ui\build\items\stolen_bag.png","48899",".png"
"C:\admirales\script_ver\script_ver\quarantine\under-review\[illegal-pack]-escrow-v1_1_3.pack\0r-illegalpack\ui\build\items\tap_water.png","25173",".png"
"C:\admirales\script_ver\script_ver\quarantine\under-review\[illegal-pack]-escrow-v1_1_3.pack\0r-illegalpack\ui\build\items\uncutted_money.png","42194",".png"
"C:\admirales\script_ver\script_ver\quarantine\under-review\[illegal-pack]-escrow-v1_1_3.pack\0r-illegalpack\ui\build\items\unpacked_coke.png","33825",".png"
"C:\admirales\script_ver\script_ver\quarantine\under-review\[illegal-pack]-escrow-v1_1_3.pack\0r-illegalpack\ui\build\items\unpacked_weed.png","54300",".png"
"C:\admirales\script_ver\script_ver\quarantine\under-review\[illegal-pack]-escrow-v1_1_3.pack\0r-illegalpack\ui\build\items\WEAPON_CROWBAR.png","1091",".png"
"C:\admirales\script_ver\script_ver\quarantine\under-review\[illegal-pack]-escrow-v1_1_3.pack\0r-illegalpack\ui\build\items\WEAPON_DIGISCANNER.png","1809",".png"
"C:\admirales\script_ver\script_ver\quarantine\under-review\[illegal-pack]-escrow-v1_1_3.pack\0r-illegalpack\ui\build\job_banners\bag_snatch.png","277454",".png"
"C:\admirales\script_ver\script_ver\quarantine\under-review\[illegal-pack]-escrow-v1_1_3.pack\0r-illegalpack\ui\build\job_banners\car_theft.png","505317",".png"
"C:\admirales\script_ver\script_ver\quarantine\under-review\[illegal-pack]-escrow-v1_1_3.pack\0r-illegalpack\ui\build\job_banners\chicken_kidnapping.png","355069",".png"
"C:\admirales\script_ver\script_ver\quarantine\under-review\[illegal-pack]-escrow-v1_1_3.pack\0r-illegalpack\ui\build\job_banners\chop_shop.png","200356",".png"
"C:\admirales\script_ver\script_ver\quarantine\under-review\[illegal-pack]-escrow-v1_1_3.pack\0r-illegalpack\ui\build\job_banners\cocaine.png","351740",".png"
"C:\admirales\script_ver\script_ver\quarantine\under-review\[illegal-pack]-escrow-v1_1_3.pack\0r-illegalpack\ui\build\job_banners\container_heli.png","355069",".png"
"C:\admirales\script_ver\script_ver\quarantine\under-review\[illegal-pack]-escrow-v1_1_3.pack\0r-illegalpack\ui\build\job_banners\corner_deal.png","177674",".png"
"C:\admirales\script_ver\script_ver\quarantine\under-review\[illegal-pack]-escrow-v1_1_3.pack\0r-illegalpack\ui\build\job_banners\counterfeit_money.png","389262",".png"
"C:\admirales\script_ver\script_ver\quarantine\under-review\[illegal-pack]-escrow-v1_1_3.pack\0r-illegalpack\ui\build\job_banners\diving.png","98566",".png"
"C:\admirales\script_ver\script_ver\quarantine\under-review\[illegal-pack]-escrow-v1_1_3.pack\0r-illegalpack\ui\build\job_banners\fraud.png","238206",".png"
"C:\admirales\script_ver\script_ver\quarantine\under-review\[illegal-pack]-escrow-v1_1_3.pack\0r-illegalpack\ui\build\job_banners\gun_smuggling.png","186019",".png"
"C:\admirales\script_ver\script_ver\quarantine\under-review\[illegal-pack]-escrow-v1_1_3.pack\0r-illegalpack\ui\build\job_banners\illegal_delivery.png","104377",".png"
"C:\admirales\script_ver\script_ver\quarantine\under-review\[illegal-pack]-escrow-v1_1_3.pack\0r-illegalpack\ui\build\job_banners\illegal_mining.png","634406",".png"
"C:\admirales\script_ver\script_ver\quarantine\under-review\[illegal-pack]-escrow-v1_1_3.pack\0r-illegalpack\ui\build\job_banners\laundering.png","273253",".png"
"C:\admirales\script_ver\script_ver\quarantine\under-review\[illegal-pack]-escrow-v1_1_3.pack\0r-illegalpack\ui\build\job_banners\meth_lab.png","169008",".png"
"C:\admirales\script_ver\script_ver\quarantine\under-review\[illegal-pack]-escrow-v1_1_3.pack\0r-illegalpack\ui\build\job_banners\moonshine.png","180435",".png"
"C:\admirales\script_ver\script_ver\quarantine\under-review\[illegal-pack]-escrow-v1_1_3.pack\0r-illegalpack\ui\build\job_banners\npc_boxing.png","502918",".png"
"C:\admirales\script_ver\script_ver\quarantine\under-review\[illegal-pack]-escrow-v1_1_3.pack\0r-illegalpack\ui\build\job_banners\plane_drug_delivery.png","355069",".png"
"C:\admirales\script_ver\script_ver\quarantine\under-review\[illegal-pack]-escrow-v1_1_3.pack\0r-illegalpack\ui\build\job_banners\weed_job.png","455278",".png"
"C:\admirales\script_ver\script_ver\quarantine\under-review\[illegal-pack]-escrow-v1_1_3.pack\3fe_woodbox\.fxap","185",".fxap"
"C:\admirales\script_ver\script_ver\quarantine\under-review\[illegal-pack]-escrow-v1_1_3.pack\3fe_woodbox\fxmanifest.lua","358",".lua"
"C:\admirales\script_ver\script_ver\quarantine\under-review\[illegal-pack]-escrow-v1_1_3.pack\3fe_woodbox\stream\3fe_crate_02.ytyp","579",".ytyp"
"C:\admirales\script_ver\script_ver\quarantine\under-review\[illegal-pack]-escrow-v1_1_3.pack\3fe_woodbox\stream\3fe_crate_02a.ydr","219577",".ydr"
"C:\admirales\script_ver\script_ver\quarantine\under-review\[illegal-pack]-escrow-v1_1_3.pack\3fe_woodbox\stream\3fe_crate_02b.ydr","304031",".ydr"
"C:\admirales\script_ver\script_ver\quarantine\under-review\[illegal-pack]-escrow-v1_1_3.pack\3fe_woodbox\stream\3fe_lj_woodbox.ydr","4369049",".ydr"
"C:\admirales\script_ver\script_ver\quarantine\under-review\[illegal-pack]-escrow-v1_1_3.pack\3fe_woodbox\stream\3fe_lj_woodbox2.ydr","5873708",".ydr"
"C:\admirales\script_ver\script_ver\quarantine\under-review\[illegal-pack]-escrow-v1_1_3.pack\3fe_woodbox\stream\3fe_woodbox.ytyp","583",".ytyp"
