relative_path	sha256
AUDIT_NOTES.md	e6c92c7778e03c04d440a97bbb95e5ce806b44355120db65088184b2192c8c35
lc_utils\config.lua	9c4aff38b6e3f2a4c19cb2858b4046e33d9447acd3dfd1c05a109211a3a4f7ca
lc_utils\custom_scripts\client\fuel.lua	bc111055ca2dad9cc1dcf144b9f755ad713af0cd978f74a87b55738e29f5fa42
lc_utils\custom_scripts\client\keys.lua	c3be56b8870ae128fd7fd1b2966f700b7042448a836b5d021cc40a0e3298d61f
lc_utils\custom_scripts\client\notification.lua	7ab18cc2776ffeeea244e2dab3179fb7f1637ca2b579d38a75206affe30cbb43
lc_utils\custom_scripts\client\progress_bar.lua	4cfb3b330ad5db13eece67614ef3ba1a61e09fe52dde1480266474a7c06f7452
lc_utils\custom_scripts\client\target.lua	b7fd81827f98106a56932b9b6c4db85d74f683e63ac23972a1fe40f85a255e1f
lc_utils\custom_scripts\server\inventory.lua	ec2ffea19b1ac0459f2adc1db99b2e3fc40de80a4206bfb28e65302e4a6fdaa4
lc_utils\custom_scripts\server\mdt.lua	23eb0082b44c260130c7cd7b5e5c06e6abd04b430af137d9eb2626ef9b1a1a00
lc_utils\frameworks\esx\client.lua	463b93f908c5c88a6f7a353355acf83bc2476720a4d8f18480716ca5487d2828
lc_utils\frameworks\esx\server.lua	eada48cedcdd022506f45845497e42cd0f64896527ab5afc15541d1a86b87a4f
lc_utils\frameworks\qbcore\client.lua	f708136fdc173f212ef736d8108c4b9d3bf603cbd3ef190a92a81b3ebf2aac9a
lc_utils\frameworks\qbcore\server.lua	6acc4228e2bf9fec83f7b5242c25cd033f65d910223a0cded79d7f0ca5ae7e48
lc_utils\functions\client\animations.lua	9999eebebfb0e6055ca4d561f1a93d10f00ca733f06cb90034af3170d2d63672
lc_utils\functions\client\blips.lua	1d48fa4a707b95710797724b816e23f192ffbcdd13c80b7fe1a1e5972271fd3c
lc_utils\functions\client\callback.lua	423838c8f8fe84652a03b098784cd34111e0cede978fcc0639abccfbd828c546
lc_utils\functions\client\entity.lua	5c928e7e13531c7b1d2faa6f56b2a4a5639bdd5262c7d1bdc99f981e22895cdc
lc_utils\functions\client\markers.lua	a283f6b563367d6365b06db7225066051f790585a120ee9a8053c02ba4093022
lc_utils\functions\client\notification.lua	0334df6a412df862a18f2019af4c1d110088c62dbc7671bfe1d4aceeea8d36f0
lc_utils\functions\client\peds.lua	4b6a1d083cba128cb269fcf70d46d22791d37b8993ac4336f2e77a33dd783fea
lc_utils\functions\client\progress_bar.lua	4ded5f02b489ab35b98079ffd8c2b37ae19b7ec7f2c4bd988c9c138b6db17e20
lc_utils\functions\client\scaleform.lua	348b235261e7ab23124d20185f5b5b3e99cd6af7709b672f167dea574041eb2e
lc_utils\functions\client\target.lua	b206e1d8b3009c0d1e3955d130c71a947925464dc996560291388c06671e64b2
lc_utils\functions\client\vehicles.lua	44d7616cf01a9ab8fcf8b3f4318f506c524123c56d6dba31f161ab1bb57c2cb3
lc_utils\functions\client\zones.lua	1a69dbd8c6ab1b9cef05899c4309229a6a5fb9ad3951b9873f54f41741c3727f
lc_utils\functions\loader.lua	17663f90cb9f13178973cd8f6e60d3cdbf65eabce33a78cd04df3a215d0f47a7
lc_utils\functions\server\callback.lua	8bc6494a62b9056c189556b5ccb09750bc97bef690d7f5acb9cfd834b2889cfd
lc_utils\functions\server\database.lua	69e4a287651c84fa45c9cbcb245c60abae49b063b57701dc71b3d98f1cf5a595
lc_utils\functions\server\version.lua	dd7bed15818c21d9d274d91dd97cc90b8da476bbdf843a7626904e2e1079fbe5
lc_utils\functions\server\webhook.lua	414d0fbc880a31e0218e9d2df32747acdb591f47b6cef18209911f3388bf2489
lc_utils\functions\shared.lua	d5318e5dd72096b41a6f32f19073c3a0aa6a50704fa0c180b00a0822aaa791c3
lc_utils\fxmanifest_clean.lua	c63b43d018c10f96fb448c468eedf4b246f17764d0f78181d5d9c86aa9b26416
lc_utils\fxmanifest.lua	254ad806dfd459e6880dab76dced8e1359b7e16c9815639db3a106bfdb30c05e
lc_utils\lang\br.lua	b972ca5393131692bc77f5fc4dd4c218cff1984e1df5086701c54caaad9bceb9
lc_utils\lang\de.lua	14a443f26899066c44072fe7431a87a8786c4fffd0f7ee06feeef6ba3371bcf0
lc_utils\lang\en.lua	73431f12fd3f528b4a7d40df53ae47941c5366a8d2ae563ca30ef1fbdb4d7c03
lc_utils\lang\es.lua	424d73c9f45c3626f8a735e23378c5243a9bfc25fe451a7c05c9feb5485f4f5f
lc_utils\lang\fr.lua	aae7b5d25dc80f22d2182de94f2f5b7d08eb9eb5db4df2f7c02ab9f61a93ef2a
lc_utils\lang\ja.lua	fc36c7b3a6bc170da18d2f87715dd41e4cfce80cd8607547b326d9a0e979c11d
lc_utils\lang\no.lua	e031d31f440b4c3d8c5930925664dc5fc756a2ece1ec7b77c5759fb55972b756
lc_utils\lang\zh-cn.lua	e0e6704cec8748b4b445efa359fb123a822cb2f9dda989e06af8d13002194fa8
lc_utils\nui\css\dark-style.css	70c8939994163132d2c97e33c6e30bee5fe14ec1b2708083665228dc1d433855
lc_utils\nui\css\light-style.css	b00e7d89e9b0527eb511c27150e5f25db0f0d3d7b0b7782383cd04204640a673
lc_utils\nui\css\navigation-tabs.css	4008751f02bf984ce820042e7c78be0a1927844499bc9bfcf1acd6d9ce48bcb3
lc_utils\nui\css\progress.css	0e383581cc6dc76ffb9163aed77f0160b699d8dc273b99ee4c447bbc74e857b5
lc_utils\nui\css\style.css	3489397c03ff79b5daec1e1ec1dbb3610dde3311d90ee5c57518b1f7176d29f9
lc_utils\nui\css\tooltip.css	f30ce6a79f75e983ae6b09cc0cfaecbefe1e3730281c8865ee40a036cfe50e24
lc_utils\nui\index.html	fbf10bb5483e07d55f8d56a0d3a912c09ef83ed5f940be47ab5692c87d9e3448
lc_utils\nui\index.js	b88993cfdfe25e0018a8d9ec130f0742946d2387c24e05a80909f98d3e5a5d00
lc_utils\nui\js\notification.js	5d2501f1703a7796aea57434ede612c2865fe664edaf4f29907c411b68714843
lc_utils\nui\js\progress.js	574b0bf09c08322858f05ff9b4c1f581c41f5e4f8a1996f76f282b2cb3497ae9
lc_utils\nui\vendor\jquery\jquery-3.5.1.min.js	f7f6a5894f1d19ddad6fa392b2ece2c5e578cbf7da4ea805b6885eb6985b6e3d
lc_utils\version	0a5d71a53024d9d6a410062789da3fe155ba44cca15210791fb8ae09c749426c
lc-storesv2\client.lua	bb1384c60914d86c3d6cb1f0152134b9b3c3ce4cd276b15d5552c876924dae01
lc-storesv2\config.lua	767d2c2d489bed88c4c1a011f2478af20570f506db3af3568a582126c91bb9a5
lc-storesv2\fxmanifest.lua	2ec7e28bcb33572b0d8ad3480461b33791975ab7c7b6e87f14f1ebb447653d1b
lc-storesv2\lang\br.lua	02aaed9bfddbfcc7b85515820b0eaf464d13987cfee484436598621f6f148b75
lc-storesv2\lang\de.lua	b3406729064063f4da29eee0cc7741e5fa342e43f008d18285a87a79aa8c486f
lc-storesv2\lang\en.lua	9fd5fd47ffa4ab47c39eaa835542591845ddc89df820d2bf1b3e8bab75fc6ebd
lc-storesv2\nui\css\bootstrap-night.css	0dbb2b9334667b91f9c05f7fdd304850299010dc49d4abad1b9417c2804607eb
lc-storesv2\nui\css\dark-style.css	81a9ae208242d30ec2780eeae048603bd9cf785f63ba8e3c609a9196de5ca8df
lc-storesv2\nui\css\light-style.css	8cee6c58432f25c918d4b261dc076c5b5eafe2bec921e9f4dad8acb6ed6bf3c6
lc-storesv2\nui\css\style.css	8ff2c10fdb8d5bfb3e8e55419b06fe15e4e864260cc77e452e03d34f776c1f8a
lc-storesv2\nui\img\cash.png	ceef8f7c58f91a42916905debad0caa3134fa278d99be7380dbe7c3f658afb11
lc-storesv2\nui\img\categories\alcohol-icon.png	a37e45c88542799a8b1e74fa8f1ec2c5bd53b3ea19e70844b0950621dea73316
lc-storesv2\nui\img\categories\alcohol.png	ba47e92f82e2cba6ebf22270eaaddf1b7f35ce9e644c83294b8cf3dc96cf05a6
lc-storesv2\nui\img\categories\drinks-icon.png	cc1abf8adae4422c5cd7c87e70159eedfea7f69412a4dca6cd37708e34f900a1
lc-storesv2\nui\img\categories\drinks.png	93f37caf6f58a4c9f418fc24fff5379ea7ebaafd433ed107a18cef44de98dfd2
lc-storesv2\nui\img\categories\electronics-icon.png	08b0f0823f0875741a8c0394d89e1b4fab77ce635a601aeab2e7ddc049fc0511
lc-storesv2\nui\img\categories\electronics.png	1494e29186441ab366ade3b6f5df0e9347affca6613098c8b9b9017cb7e6836e
lc-storesv2\nui\img\categories\food-icon.png	4fc2e932d38a8c0ea330dac7e5e3f3c6c59ef26c79d25c49af3375ae30904ea9
lc-storesv2\nui\img\categories\food.png	92093f34271bde7b65de26df9e240ed476244331a56e3866b76e4675fb9fdc8a
lc-storesv2\nui\img\categories\utilities-icon.png	7752ad3e65540ee3e36d9367d34461cacdd6c9f66008aaaa041e0c6ef0f1a16e
lc-storesv2\nui\img\categories\utilities.png	3a9a1d11e0cc3f7c6d2de575a0fa3814076bf3989e986c4f3a82666ef24db5df
lc-storesv2\nui\img\categories\weapons-ammo-icon.png	f70d5e34c5664433e55d0d6512bddf0a5a6d422890e41e148ab89513d535f4c1
lc-storesv2\nui\img\categories\weapons-ammo.png	eb165e8a6258769bf92639fe97e4ef461d09bbe6c6bf3c9cec0379545aee0c8b
lc-storesv2\nui\img\categories\weapons-attachments.png	60c3728784b5a89112b601fce28f3bf002cdf95d45588143b8202a2278adade5
lc-storesv2\nui\img\categories\weapons-melee-icon.png	9b2d962be735023509f3b1b7626187610ec436d3ba8874f016e133b21d99b07e
lc-storesv2\nui\img\categories\weapons-melee.png	625a3f0a4641aa3b8639f402d84b3a6aca4d102a05ac97465b8c80f072982230
lc-storesv2\nui\img\categories\weapons-other-icon.png	e473255bf8f82d1e2d19b5fb3ce10a9a00523714f6cb3517e1b20993fea7242d
lc-storesv2\nui\img\categories\weapons-other.png	5ac6344acac3786f10902caa15a8c5b117f9ff51ae017c8de4f909379693fb94
lc-storesv2\nui\img\categories\weapons-pistol-icon.png	d7a28daef4b52892069bd471d2d8114a08ac560e465048fa6b332fcbbb93d992
lc-storesv2\nui\img\categories\weapons-pistol.png	1f849e66db69406cad75056d7c02fa4d067c1721e41c63545bcd375a2957dc98
lc-storesv2\nui\img\categories\weapons-rifle-icon.png	fadc61543af3510092e20510d9ee21af07811540cb7b1a4a85730cb3cd0fb3a1
lc-storesv2\nui\img\categories\weapons-rifle.png	7552076c915f7868df030d084bc70600f82beadce18f063b308c4a10f989bfec
lc-storesv2\nui\img\categories\weapons-shotgun-icon.png	d52ca90f08166ab48728e815c533020238ac9acb7bba814394fe0a60215cf03c
lc-storesv2\nui\img\categories\weapons-shotgun.png	a20387e92a4ce71dc91567253ca4b509358aaadeb0dd3eae3acc261fd4193144
lc-storesv2\nui\img\categories\weapons-smg-icon.png	fc8fd1203ae82907a9099b2c2164f72219c54765a1fe52866993e33dd083947f
lc-storesv2\nui\img\categories\weapons-smg.png	9ef5b4ceb3243e0ed8f634f34c9edd77d56b0d3d1d402f7de13e800ceeca0602
lc-storesv2\nui\img\categories\weapons-sniper.png	98249b02a156403710b7ecc2544c7c2797690e1f4a6d53fef503190c1f14c045
lc-storesv2\nui\img\categories\weapons-throwable-icon.png	58298a8dfabe201ec985d4f3444e5a53b06d0ef1cf3a8ac71f9949b8e17383dc
lc-storesv2\nui\img\categories\weapons-throwable.png	ec9f0d940c58368e9ae0af76b238945427ac5b1694dd10c0e3314cefc0072d24
lc-storesv2\nui\img\credit_card.png	f9576c20f6d4137c860dfefcb846a8957cfbf5b25829feae029ffa78a01e8acb
lc-storesv2\nui\img\items\armor.png	facc01b9729cbcc90042094c665662b9490da926afc720ba5385f765a7efbd6f
lc-storesv2\nui\img\items\beer.png	01bca1b146e43909e2c75b0302cf88400119e809c216af56e1e338784a7b8d4d
lc-storesv2\nui\img\items\cleaningkit.png	7d0fb4f9e86a00e472894dcf30f6fd6be8cf2124bc80bdc23c4ef818839ede45
lc-storesv2\nui\img\items\coffee.png	9f783e9a8caa410f342d310c1ffee396db7d3cecb2a2c0d9a4a3891006a97356
lc-storesv2\nui\img\items\cola.png	ae8d5a1bbb4f51167d28c5748476bf1455f5fdbb45141d95166c0e9577ea9298
lc-storesv2\nui\img\items\grapejuice.png	043181a1549403c8ca47727163639ea1611d75226c6fb1484c31795b905f3db2
lc-storesv2\nui\img\items\iphone.png	ba5fd10ac28206a1704b19589ef7e31fc343d52110a98c943a9fc0a7ec720714
lc-storesv2\nui\img\items\laptop.png	9ab797d41e5d1b96ba35a5ae4a6efe2df3c47ddcbd68bdf4189ef656bbc5760b
lc-storesv2\nui\img\items\parachute.png	e94b9f70d41c70def8f0de3edb0fed17d041ba2f9b50816da27f91721a3b7b6e
lc-storesv2\nui\img\items\phone.png	df14456d5bd02f38728ac5893812696ec31b0966c1764f31235b560149142f50
lc-storesv2\nui\img\items\pistol_ammo.png	1eebfea7698a196780ffb6a394c357e418bb11b8aca548d8549c6b5988ba556e
lc-storesv2\nui\img\items\radio.png	da12d092828418a053e69aed4be0560c5a0c91adb7de24182c4ad83483dd8e2b
lc-storesv2\nui\img\items\repairkit.png	44e135266b43a57391c8f2b71906bb5f106542e334239d4782c90d3b03343198
lc-storesv2\nui\img\items\rifle_ammo.png	0a8d61eefe46c0f3c948cb067945f299eef2f92f4331dae713b0702b07b8d32a
lc-storesv2\nui\img\items\samsungphone.png	cef59b05f720621546e08619649c73c2c99aecbac19ef409ed49f0adf5b32b45
lc-storesv2\nui\img\items\sandwich.png	0f006b40b5d98558a7d7d4c6d9bb50ee0916e08ef0e797f527a30f7a667d8541
lc-storesv2\nui\img\items\screwdriverset.png	d121843974c765a497c5b87746cf82d723828aad69f180bb14697d28b5f07bd0
lc-storesv2\nui\img\items\shotgun_ammo.png	48b02d41e142d115105b04aa3873625a4b4d15af7ffd1c0ecdabcc543e6baf60
lc-storesv2\nui\img\items\smg_ammo.png	efe92c2cda0b91db697a37051ed10c365e94b5179da98595957ab94d02e23104
lc-storesv2\nui\img\items\snikkel_candy.png	1a1f30fb3576ed37493c3d2e151434da619799e46a24191c5758dbf1c55544c6
lc-storesv2\nui\img\items\tablet.png	19e1de81afefccbb8cfbdc376499c8b28018fdb574a51c62b9f01f041394a87e
lc-storesv2\nui\img\items\tosti.png	f86fd8087b93e7ae5cbb7f0e73defca8ad96df0141d2d740f9edcbe908f6d62e
lc-storesv2\nui\img\items\twerks_candy.png	5eeb5ed47e638a27c862f8308ae71cbc386d48501cf4d167cbb1274dede3aa33
lc-storesv2\nui\img\items\vodka.png	7866f24e4ce86033b5eb1c7fa7be7ff5b578f0c415d509750eb63f4d9336b340
lc-storesv2\nui\img\items\water_bottle.png	e2c4dd73277892dd1650dcd34ae3cec175254b95842b47755198e1dc06a64d00
lc-storesv2\nui\img\items\weapon_assaultrifle.png	048336cc531e88319d29b1515965205647ff5b29aaa801673eec680a6fa16d52
lc-storesv2\nui\img\items\weapon_bat.png	9ce3aac68f30913cb8e8074ee47e6241cba89ae6ece6fc980a0b88d881a0767a
lc-storesv2\nui\img\items\weapon_carbinerifle.png	2968cd13240c43daceb303b24c37114054fd33a82b03590581e3313be9dc89a4
lc-storesv2\nui\img\items\weapon_crowbar.png	dc1afad50fa0b344a33943294b10fbc354a577f9bac1605eeaff5772415085e4
lc-storesv2\nui\img\items\weapon_flare.png	88e41b6ff41d0748c88995cc39c705a2c3fa2958e0e2dc20792ac05a38c23e4d
lc-storesv2\nui\img\items\weapon_flaregun.png	cf6ff2f1f31da04c05fa9ebf6c19f9d8fdb7c2d65f4c159c8080fff3450a19e0
lc-storesv2\nui\img\items\weapon_hammer.png	f6d5b190a9716828cad8df6200e77800565d28a727788c192a0558b0a9da7e07
lc-storesv2\nui\img\items\weapon_knife.png	bc81084d4023c505783b2b00d810009960bdb70a99ca08bafc242aaf1658b854
lc-storesv2\nui\img\items\weapon_microsmg.png	9efbeb37c9859c8c2b8124b40189a743c1fd8b6c6d32bdef150f10a44ad25d95
lc-storesv2\nui\img\items\weapon_molotov.png	511d1317c883c048d9a33788102b89f3bbc80d856f3f298700beb1c44d148826
lc-storesv2\nui\img\items\weapon_pistol.png	de28b3ca0280825d6791d2ae446c83dd69b5501586270fd6f7608458387c4006
lc-storesv2\nui\img\items\weapon_pumpshotgun.png	0c5fd35165427ff2b14ad0b5c750871eb87eb2b287a086519031d223793ddf6a
lc-storesv2\nui\img\items\weapon_smg.png	7ff6c54a33cc18bb2d6fb08469e21c6c49fbb35ecd929958bf0cc64b0209cbd7
lc-storesv2\nui\img\items\weapon_snspistol.png	c962666485d135f832985a645eb0a7ccd4f37ab0c6b728638b4104687d5390f2
lc-storesv2\nui\img\items\weapon_vintagepistol.png	be1b27da785c4086243acbb03013ba11d4d32facc86ec82a85b127412140cba8
lc-storesv2\nui\img\items\weapon_wrench.png	f1729a354a1e237aad813ffed0967579e3a29f45d720b9b61448962102676f14
lc-storesv2\nui\img\items\whiskey.png	39219d0f412f14bd407b98e881546da38cdd4620d4e49debfc5ec6e5290039e3
lc-storesv2\nui\img\items\wine.png	110105365f893c9401ba1bfd19a0cef19b2a549a7dfa7cabc3ac157c906f0738
lc-storesv2\nui\img\man.png	16cd7c1e428478b0e5c0c0cca95d6567bfd0e54bd3e979af2f758d250459a960
lc-storesv2\nui\img\upgrades\delivery-truck.png	859d96420781dd02b75cf50ec7e7f74ab90e9a183cab4aa0a73d5f3098d21aa3
lc-storesv2\nui\img\upgrades\manager.png	cbed8d380928fa67ec21d85e4c9f5dc3e61995fa7d9872c43824d6bc21c9479e
lc-storesv2\nui\img\upgrades\shop.png	00079e14d6c036b59caed348db315689e780f644d0ea94af3e22748118893646
lc-storesv2\nui\lang\br.js	35033a750f1807da4c1a69a0d0714a6d0a789c423ac99eba705ebd3efa83226e
lc-storesv2\nui\lang\de.js	c9ef097208706620cf4c56d1333ddd439e1e5b55a1c32f39b390b53868e05e5a
lc-storesv2\nui\lang\en.js	88296e59c3f47362a42182bb229b7ef34ae648525b97b05c45fdd7f0e04352c9
lc-storesv2\nui\panel.js	facf4c999cc02fe5c2b451faead67d7c38365938cb6df358ba26b5a0df0a775c
lc-storesv2\nui\ui.html	3f3d695a0347ff81d1abe384708ead4fe13f3c6794ebc21072a416a6e44d8c7e
lc-storesv2\nui\vendor\bootstrap\bootstrap.bundle.min.js	19126b874a32753d42c12dfa6c17892bfd93820a5a5100ba1b34da4d07599b49
lc-storesv2\nui\vendor\bootstrap\bootstrap.min.css	f886516f3d41e9e7bd994c7f7a39a89cafae9483f90396cb0ddeafe8d1ea5e72
lc-storesv2\nui\vendor\fontawesome\css\all.min.css	01b035efb5dfa529c512f82962ed633328222da6f33c224244806d4798c67349
lc-storesv2\nui\vendor\fontawesome\webfonts\fa-brands-400.ttf	c7ae37d35b8edd322f5c85b8f54f8cb76f5e8446581ae20da5e7e3a9bdee900b
lc-storesv2\nui\vendor\fontawesome\webfonts\fa-brands-400.woff2	3fe890d088ecf0cc9bc1b9069201e52972dbad6237865524090e15982d0de718
lc-storesv2\nui\vendor\fontawesome\webfonts\fa-regular-400.ttf	fdc1f7533021117d87697715eac26ba3d4eef9225c7eedbbfb1b0d0cfff0ab8c
lc-storesv2\nui\vendor\fontawesome\webfonts\fa-regular-400.woff2	fe69d94841462d397faeff253ee09a6dc7941be931f942a55e6b9def8f3b048d
lc-storesv2\nui\vendor\fontawesome\webfonts\fa-solid-900.ttf	6d53c706f3b7178ccfc82c94d3fc7968828dacd351717f27c757a65cfd853147
lc-storesv2\nui\vendor\fontawesome\webfonts\fa-solid-900.woff2	d27bc752105c079f8a516e9142406a9fc12cbb409f9bf8681f2ddfe0360b52a6
lc-storesv2\nui\vendor\fontawesome\webfonts\fa-v4compatibility.ttf	4d73f280597014ae892270cee177513ad329955de91ad9d2a45a1f5760a32ffa
lc-storesv2\nui\vendor\fontawesome\webfonts\fa-v4compatibility.woff2	7d1c2ce5f34e1b3567536e8d3039c6c34f8257742982c5ff5a5b47a82e5a67d7
lc-storesv2\nui\vendor\jquery\jquery-3.5.1.min.js	f7f6a5894f1d19ddad6fa392b2ece2c5e578cbf7da4ea805b6885eb6985b6e3d
lc-storesv2\nui\vendor\select2\select2.min.css	cda4a81c187015d95ed2c71f1841540b08203cdec5fa2a7d5d1825a3c2166f8c
lc-storesv2\nui\vendor\select2\select2.min.js	f7244fff610595b944f76bf3080d74e3af42b5dd234f8f079e698cc39ac966b0
lc-storesv2\server_utils.lua	32b3589f8e88339577500af2eddea4e0d47e308c3657377caabb485bc24f641c
lc-storesv2\server.lua	699837850b7c273bc458aa3013f25dde1c67f96cac02a48a6a376c0d3d670c72
