D879388D070D577C3BE036FC48C01162594D7FDF884DF7FEDDCF26F6C4C079BE	C:\admirales\script_ver\script_ver\quarantine\incoming\JustNotify\JustNotify\.fxap
A1CF40D795A09C1A7B75E3CD269F667E489B8D8C3C7B943C23D630CF5402F027	C:\admirales\script_ver\script_ver\quarantine\incoming\JustNotify\JustNotify\client.lua
356AB9A1A4B5E587BFD71F4B2DCCD4C993B4A6B2C2B09C7453878D4CA88C1361	C:\admirales\script_ver\script_ver\quarantine\incoming\JustNotify\JustNotify\config.lua
77D287925F69FB51DAD4AD2422ABB3A5518E8FEFB1DE56F03DC4847279F57DD7	C:\admirales\script_ver\script_ver\quarantine\incoming\JustNotify\JustNotify\fxmanifest.lua
149254BFFEBBE9566F578084AB10FC82EBB4E05337ADF2CA1F2F541ADC9B9819	C:\admirales\script_ver\script_ver\quarantine\incoming\JustNotify\JustNotify\web\build\asset-manifest.json
3D10F7DA6C603178340081668C4AC5B3AE9743CA9A262AB0FCD312FBB9F48BDD	C:\admirales\script_ver\script_ver\quarantine\incoming\JustNotify\JustNotify\web\build\favicon.ico
3E368BA7D46ED7B48509AF833AFD6B480DDCA4B3A612866643EC45A9072F67E4	C:\admirales\script_ver\script_ver\quarantine\incoming\JustNotify\JustNotify\web\build\index.html
50B3D8C3903AF3F78D871B94557AB14F4E39CA192EACA3D2CFA863C867279A14	C:\admirales\script_ver\script_ver\quarantine\incoming\JustNotify\JustNotify\web\build\manifest.json
50289B3EBAF7489D0F875E53B54295FDE1C8B82ADF9446A5A859A420A01A9E96	C:\admirales\script_ver\script_ver\quarantine\incoming\JustNotify\JustNotify\web\build\progressbar.min.js
90D24BC3BF698AC1E173739502298CCCA72ADF1F564FAB05F484B8C48D1CADD2	C:\admirales\script_ver\script_ver\quarantine\incoming\JustNotify\JustNotify\web\build\robots.txt
4EBF283D139884EFE7756836149F315E82132C37BAF7A035EE5ECAA92FDA1DF2	C:\admirales\script_ver\script_ver\quarantine\incoming\JustNotify\JustNotify\web\build\sound.mp3
FEBE42A194DECDD3DFA7FDFACB8A6722682DDAE9C2331585B66B64D08DC9260C	C:\admirales\script_ver\script_ver\quarantine\incoming\JustNotify\JustNotify\web\build\static\css\main.e0f648da.css
A6FE684B44C65A5EDE2F34461915CE54E1537FB502B1AFCE0841B5894357E81C	C:\admirales\script_ver\script_ver\quarantine\incoming\JustNotify\JustNotify\web\build\static\css\main.e0f648da.css.map
63C7AA3D985D8B2F27CAEC3D634087E997FBC8259B85FA6E48A73AAE48856665	C:\admirales\script_ver\script_ver\quarantine\incoming\JustNotify\JustNotify\web\build\static\js\main.d37c2e56.js
1D5A8371953B6781D81480FD6D85BEDE407008DE23EC20BAC725E772DDD9F925	C:\admirales\script_ver\script_ver\quarantine\incoming\JustNotify\JustNotify\web\build\static\js\main.d37c2e56.js.LICENSE.txt
56825CC5885A76378582AC5DE3AE570E4587F9BEBCDA0D56D255D926F06EC91C	C:\admirales\script_ver\script_ver\quarantine\incoming\JustNotify\JustNotify\web\build\static\js\main.d37c2e56.js.map
