A0303F83E6E8D4FB5B4B5F0F924EC6342364936E65891B43FD3BEBBEF7714F47	C:\admirales\script_ver\script_ver\quarantine\under-review\0r-chat\client\commands.lua
E4CF4E5C4FA3E25297C41757760769C7B00513756BD38A635E54B2FDD1BEE689	C:\admirales\script_ver\script_ver\quarantine\under-review\0r-chat\client\events.lua
4C42EDCF8BAF63FBB638BD076CF6F551CD03F5C520112D5DE90446D6D175A6E7	C:\admirales\script_ver\script_ver\quarantine\under-review\0r-chat\client\functions.lua
44CA59052577E216488769DA21F63DD16E9639621C79EE21FFE89803CFEDD8C9	C:\admirales\script_ver\script_ver\quarantine\under-review\0r-chat\client\nui.lua
73DEE872CFDF1EDDEB32193FD8BAD4D1BE7E24DEFA7E52A562310ABD8356FA94	C:\admirales\script_ver\script_ver\quarantine\under-review\0r-chat\client\threads.lua
78816E3AADEE8B0AC0A946B9825B705C3A3586A69A99566479A11BEFE81C4957	C:\admirales\script_ver\script_ver\quarantine\under-review\0r-chat\client\variables.lua
6ECD64AB2DF13E495873C0F930E0FE444B10ADE4BCBD27A60D1D418679E2A8F1	C:\admirales\script_ver\script_ver\quarantine\under-review\0r-chat\fxmanifest.lua
57C4C362EB23B5DAAEDA33A355BC9FB928E5CB5B565025AC4E7B215C8E079C17	C:\admirales\script_ver\script_ver\quarantine\under-review\0r-chat\readme.md
D7C52DDD3DF919B6BC4AD860DDCAD90DC4244DF9298A5016DD9A80449A31964D	C:\admirales\script_ver\script_ver\quarantine\under-review\0r-chat\server\commands.lua
B049B9A3D1A9A602078A675E18F4047ED1FE74EEE1DC0F0885CE16146ABA7D6C	C:\admirales\script_ver\script_ver\quarantine\under-review\0r-chat\server\events.lua
A8BA6BABCA23639D41AC6D3FE59BEB5449AA28351A7B3F9896B0DB0219B0A023	C:\admirales\script_ver\script_ver\quarantine\under-review\0r-chat\server\functions.lua
2CDA263A76C1277169BDDC2BF9615C0A661DB7E2770EE560DA6749A9F05E56E7	C:\admirales\script_ver\script_ver\quarantine\under-review\0r-chat\server\variables.lua
85D6A5C315B306BBC98853C861266488D2C83563630DBB6CBF9E25EC95C10BE9	C:\admirales\script_ver\script_ver\quarantine\under-review\0r-chat\shared\config.lua
3BC683D207513E09C58153615A683E9DD3E90CD6262DB835D3DCF428C80CC96E	C:\admirales\script_ver\script_ver\quarantine\under-review\0r-chat\shared\utils.lua
8A07474D8C96581FEB915E00A275FCFF87A54DBD39333D9933E715B2AA16B76B	C:\admirales\script_ver\script_ver\quarantine\under-review\0r-chat\ui\build\assets\HighriseFont-Bold-Demo-n_xo9kr-.otf
ABAAD958A33F307597677E244FF8D103C2B4630E895139CA3F7B2BC73ADFE7F9	C:\admirales\script_ver\script_ver\quarantine\under-review\0r-chat\ui\build\assets\index-2DBoaqkO.css
17C9998A98AD5D63AD1523AE12ABD36E94E3611404E1E8B2DF708A6CADB95920	C:\admirales\script_ver\script_ver\quarantine\under-review\0r-chat\ui\build\assets\index-kauAbiuW.js
7EBD1304656523B6F421DD404F10DF02F6E7AB5484B82F461DF7F5F51B612F44	C:\admirales\script_ver\script_ver\quarantine\under-review\0r-chat\ui\build\favicon.ico
F358AD08D17893934BC1ABE55F71960010B51A7834515344AA662FCB806DFBF5	C:\admirales\script_ver\script_ver\quarantine\under-review\0r-chat\ui\build\images\background_do.png
C684C0BD5FAF07C3C89BB6BAEF97E96D2FF563BD1A43DE944C9E451D73D6FF4F	C:\admirales\script_ver\script_ver\quarantine\under-review\0r-chat\ui\build\images\background_me.png
9CED444603DC3415A61C7178A7479E3F799DD376A676DE04E09DE93F87EEBCE1	C:\admirales\script_ver\script_ver\quarantine\under-review\0r-chat\ui\build\images\icons\dollar-shadow.svg
A9AF5B8D9033AD95089E5E18CFB4CAC54AA4B64BD6FA005881987C212794DB90	C:\admirales\script_ver\script_ver\quarantine\under-review\0r-chat\ui\build\images\icons\dollar.svg
186D16EFEBC86818DC54604BB63F6EFACE5E6848E205F2C2080B986AF65902BD	C:\admirales\script_ver\script_ver\quarantine\under-review\0r-chat\ui\build\images\icons\ems.svg
478A9AF0F0E81686502221D47633756D6E779A28D4D6AF1B5B2AD37A0DAF2ADE	C:\admirales\script_ver\script_ver\quarantine\under-review\0r-chat\ui\build\images\icons\police.svg
80CE88CE5F50AA324FA8A021B924ED4EE43931DA8AA70594C5112E726E8FF534	C:\admirales\script_ver\script_ver\quarantine\under-review\0r-chat\ui\build\images\itachi_do.png
90F61CD3A9452B6481EF6D8405E50608489D96EAC4BD171DAE5BFA708E961045	C:\admirales\script_ver\script_ver\quarantine\under-review\0r-chat\ui\build\images\itachi_me.png
2678B3BEE036CE3B494270E8C80170E33D157FF23E6B5F7D69B6C0EEE9411181	C:\admirales\script_ver\script_ver\quarantine\under-review\0r-chat\ui\build\index.html
