"FullName"	"Length"	"Extension"
"C:\admirales\script_ver\script_ver\approved\[qb]\lc-storesv2\AUDIT_NOTES.md"	"3307"	".md"
"C:\admirales\script_ver\script_ver\approved\[qb]\lc-storesv2\lc_utils\Best FiveM Leaks Server.url"	"127"	".url"
"C:\admirales\script_ver\script_ver\approved\[qb]\lc-storesv2\lc_utils\config.lua"	"25345"	".lua"
"C:\admirales\script_ver\script_ver\approved\[qb]\lc-storesv2\lc_utils\custom_scripts\Best FiveM Leaks Server.url"	"127"	".url"
"C:\admirales\script_ver\script_ver\approved\[qb]\lc-storesv2\lc_utils\custom_scripts\client\Best FiveM Leaks Server.url"	"127"	".url"
"C:\admirales\script_ver\script_ver\approved\[qb]\lc-storesv2\lc_utils\custom_scripts\client\fuel.lua"	"24043"	".lua"
"C:\admirales\script_ver\script_ver\approved\[qb]\lc-storesv2\lc_utils\custom_scripts\client\keys.lua"	"24796"	".lua"
"C:\admirales\script_ver\script_ver\approved\[qb]\lc-storesv2\lc_utils\custom_scripts\client\LÉAME.md"	"944400"	".md"
"C:\admirales\script_ver\script_ver\approved\[qb]\lc-storesv2\lc_utils\custom_scripts\client\LISEZMOI.md"	"944400"	".md"
"C:\admirales\script_ver\script_ver\approved\[qb]\lc-storesv2\lc_utils\custom_scripts\client\notification.lua"	"24044"	".lua"
"C:\admirales\script_ver\script_ver\approved\[qb]\lc-storesv2\lc_utils\custom_scripts\client\progress_bar.lua"	"24082"	".lua"
"C:\admirales\script_ver\script_ver\approved\[qb]\lc-storesv2\lc_utils\custom_scripts\client\README_中文.md"	"944400"	".md"
"C:\admirales\script_ver\script_ver\approved\[qb]\lc-storesv2\lc_utils\custom_scripts\client\README.md"	"944400"	".md"
"C:\admirales\script_ver\script_ver\approved\[qb]\lc-storesv2\lc_utils\custom_scripts\client\README.txt"	"153900"	".txt"
"C:\admirales\script_ver\script_ver\approved\[qb]\lc-storesv2\lc_utils\custom_scripts\client\target.lua"	"24931"	".lua"
"C:\admirales\script_ver\script_ver\approved\[qb]\lc-storesv2\lc_utils\custom_scripts\client\ПРОЧТИМЕНЯ.md"	"944400"	".md"
"C:\admirales\script_ver\script_ver\approved\[qb]\lc-storesv2\lc_utils\custom_scripts\client\اقرأني.md"	"944400"	".md"
"C:\admirales\script_ver\script_ver\approved\[qb]\lc-storesv2\lc_utils\custom_scripts\LÉAME.md"	"944400"	".md"
"C:\admirales\script_ver\script_ver\approved\[qb]\lc-storesv2\lc_utils\custom_scripts\LISEZMOI.md"	"944400"	".md"
"C:\admirales\script_ver\script_ver\approved\[qb]\lc-storesv2\lc_utils\custom_scripts\README_中文.md"	"944400"	".md"
"C:\admirales\script_ver\script_ver\approved\[qb]\lc-storesv2\lc_utils\custom_scripts\README.md"	"944400"	".md"
"C:\admirales\script_ver\script_ver\approved\[qb]\lc-storesv2\lc_utils\custom_scripts\README.txt"	"153900"	".txt"
"C:\admirales\script_ver\script_ver\approved\[qb]\lc-storesv2\lc_utils\custom_scripts\server\Best FiveM Leaks Server.url"	"127"	".url"
"C:\admirales\script_ver\script_ver\approved\[qb]\lc-storesv2\lc_utils\custom_scripts\server\inventory.lua"	"25144"	".lua"
"C:\admirales\script_ver\script_ver\approved\[qb]\lc-storesv2\lc_utils\custom_scripts\server\LÉAME.md"	"944400"	".md"
"C:\admirales\script_ver\script_ver\approved\[qb]\lc-storesv2\lc_utils\custom_scripts\server\LISEZMOI.md"	"944400"	".md"
"C:\admirales\script_ver\script_ver\approved\[qb]\lc-storesv2\lc_utils\custom_scripts\server\mdt.lua"	"24124"	".lua"
"C:\admirales\script_ver\script_ver\approved\[qb]\lc-storesv2\lc_utils\custom_scripts\server\README_中文.md"	"944400"	".md"
"C:\admirales\script_ver\script_ver\approved\[qb]\lc-storesv2\lc_utils\custom_scripts\server\README.md"	"944400"	".md"
"C:\admirales\script_ver\script_ver\approved\[qb]\lc-storesv2\lc_utils\custom_scripts\server\README.txt"	"153900"	".txt"
"C:\admirales\script_ver\script_ver\approved\[qb]\lc-storesv2\lc_utils\custom_scripts\server\ПРОЧТИМЕНЯ.md"	"944400"	".md"
"C:\admirales\script_ver\script_ver\approved\[qb]\lc-storesv2\lc_utils\custom_scripts\server\اقرأني.md"	"944400"	".md"
"C:\admirales\script_ver\script_ver\approved\[qb]\lc-storesv2\lc_utils\custom_scripts\ПРОЧТИМЕНЯ.md"	"944400"	".md"
"C:\admirales\script_ver\script_ver\approved\[qb]\lc-storesv2\lc_utils\custom_scripts\اقرأني.md"	"944400"	".md"
"C:\admirales\script_ver\script_ver\approved\[qb]\lc-storesv2\lc_utils\frameworks\Best FiveM Leaks Server.url"	"127"	".url"
"C:\admirales\script_ver\script_ver\approved\[qb]\lc-storesv2\lc_utils\frameworks\esx\Best FiveM Leaks Server.url"	"127"	".url"
"C:\admirales\script_ver\script_ver\approved\[qb]\lc-storesv2\lc_utils\frameworks\esx\client.lua"	"28682"	".lua"
"C:\admirales\script_ver\script_ver\approved\[qb]\lc-storesv2\lc_utils\frameworks\esx\LÉAME.md"	"944400"	".md"
"C:\admirales\script_ver\script_ver\approved\[qb]\lc-storesv2\lc_utils\frameworks\esx\LISEZMOI.md"	"944400"	".md"
"C:\admirales\script_ver\script_ver\approved\[qb]\lc-storesv2\lc_utils\frameworks\esx\README_中文.md"	"944400"	".md"
"C:\admirales\script_ver\script_ver\approved\[qb]\lc-storesv2\lc_utils\frameworks\esx\README.md"	"944400"	".md"
"C:\admirales\script_ver\script_ver\approved\[qb]\lc-storesv2\lc_utils\frameworks\esx\README.txt"	"153900"	".txt"
"C:\admirales\script_ver\script_ver\approved\[qb]\lc-storesv2\lc_utils\frameworks\esx\server.lua"	"47133"	".lua"
"C:\admirales\script_ver\script_ver\approved\[qb]\lc-storesv2\lc_utils\frameworks\esx\ПРОЧТИМЕНЯ.md"	"944400"	".md"
"C:\admirales\script_ver\script_ver\approved\[qb]\lc-storesv2\lc_utils\frameworks\esx\اقرأني.md"	"944400"	".md"
"C:\admirales\script_ver\script_ver\approved\[qb]\lc-storesv2\lc_utils\frameworks\LÉAME.md"	"944400"	".md"
"C:\admirales\script_ver\script_ver\approved\[qb]\lc-storesv2\lc_utils\frameworks\LISEZMOI.md"	"944400"	".md"
"C:\admirales\script_ver\script_ver\approved\[qb]\lc-storesv2\lc_utils\frameworks\qbcore\Best FiveM Leaks Server.url"	"127"	".url"
"C:\admirales\script_ver\script_ver\approved\[qb]\lc-storesv2\lc_utils\frameworks\qbcore\client.lua"	"28668"	".lua"
"C:\admirales\script_ver\script_ver\approved\[qb]\lc-storesv2\lc_utils\frameworks\qbcore\LÉAME.md"	"944400"	".md"
"C:\admirales\script_ver\script_ver\approved\[qb]\lc-storesv2\lc_utils\frameworks\qbcore\LISEZMOI.md"	"944400"	".md"
"C:\admirales\script_ver\script_ver\approved\[qb]\lc-storesv2\lc_utils\frameworks\qbcore\README_中文.md"	"944400"	".md"
"C:\admirales\script_ver\script_ver\approved\[qb]\lc-storesv2\lc_utils\frameworks\qbcore\README.md"	"944400"	".md"
"C:\admirales\script_ver\script_ver\approved\[qb]\lc-storesv2\lc_utils\frameworks\qbcore\README.txt"	"153900"	".txt"
"C:\admirales\script_ver\script_ver\approved\[qb]\lc-storesv2\lc_utils\frameworks\qbcore\server.lua"	"47694"	".lua"
"C:\admirales\script_ver\script_ver\approved\[qb]\lc-storesv2\lc_utils\frameworks\qbcore\ПРОЧТИМЕНЯ.md"	"944400"	".md"
"C:\admirales\script_ver\script_ver\approved\[qb]\lc-storesv2\lc_utils\frameworks\qbcore\اقرأني.md"	"944400"	".md"
"C:\admirales\script_ver\script_ver\approved\[qb]\lc-storesv2\lc_utils\frameworks\README_中文.md"	"944400"	".md"
"C:\admirales\script_ver\script_ver\approved\[qb]\lc-storesv2\lc_utils\frameworks\README.md"	"944400"	".md"
"C:\admirales\script_ver\script_ver\approved\[qb]\lc-storesv2\lc_utils\frameworks\README.txt"	"153900"	".txt"
"C:\admirales\script_ver\script_ver\approved\[qb]\lc-storesv2\lc_utils\frameworks\ПРОЧТИМЕНЯ.md"	"944400"	".md"
"C:\admirales\script_ver\script_ver\approved\[qb]\lc-storesv2\lc_utils\frameworks\اقرأني.md"	"944400"	".md"
"C:\admirales\script_ver\script_ver\approved\[qb]\lc-storesv2\lc_utils\functions\Best FiveM Leaks Server.url"	"127"	".url"
"C:\admirales\script_ver\script_ver\approved\[qb]\lc-storesv2\lc_utils\functions\client\animations.lua"	"24061"	".lua"
"C:\admirales\script_ver\script_ver\approved\[qb]\lc-storesv2\lc_utils\functions\client\Best FiveM Leaks Server.url"	"127"	".url"
"C:\admirales\script_ver\script_ver\approved\[qb]\lc-storesv2\lc_utils\functions\client\blips.lua"	"25175"	".lua"
"C:\admirales\script_ver\script_ver\approved\[qb]\lc-storesv2\lc_utils\functions\client\callback.lua"	"24384"	".lua"
"C:\admirales\script_ver\script_ver\approved\[qb]\lc-storesv2\lc_utils\functions\client\entity.lua"	"24741"	".lua"
"C:\admirales\script_ver\script_ver\approved\[qb]\lc-storesv2\lc_utils\functions\client\LÉAME.md"	"944400"	".md"
"C:\admirales\script_ver\script_ver\approved\[qb]\lc-storesv2\lc_utils\functions\client\LISEZMOI.md"	"944400"	".md"
"C:\admirales\script_ver\script_ver\approved\[qb]\lc-storesv2\lc_utils\functions\client\markers.lua"	"26416"	".lua"
"C:\admirales\script_ver\script_ver\approved\[qb]\lc-storesv2\lc_utils\functions\client\notification.lua"	"25183"	".lua"
"C:\admirales\script_ver\script_ver\approved\[qb]\lc-storesv2\lc_utils\functions\client\peds.lua"	"24534"	".lua"
"C:\admirales\script_ver\script_ver\approved\[qb]\lc-storesv2\lc_utils\functions\client\progress_bar.lua"	"25191"	".lua"
"C:\admirales\script_ver\script_ver\approved\[qb]\lc-storesv2\lc_utils\functions\client\README_中文.md"	"944400"	".md"
"C:\admirales\script_ver\script_ver\approved\[qb]\lc-storesv2\lc_utils\functions\client\README.md"	"944400"	".md"
"C:\admirales\script_ver\script_ver\approved\[qb]\lc-storesv2\lc_utils\functions\client\README.txt"	"153900"	".txt"
"C:\admirales\script_ver\script_ver\approved\[qb]\lc-storesv2\lc_utils\functions\client\scaleform.lua"	"24549"	".lua"
"C:\admirales\script_ver\script_ver\approved\[qb]\lc-storesv2\lc_utils\functions\client\target.lua"	"32525"	".lua"
"C:\admirales\script_ver\script_ver\approved\[qb]\lc-storesv2\lc_utils\functions\client\vehicles.lua"	"43870"	".lua"
"C:\admirales\script_ver\script_ver\approved\[qb]\lc-storesv2\lc_utils\functions\client\zones.lua"	"26778"	".lua"
"C:\admirales\script_ver\script_ver\approved\[qb]\lc-storesv2\lc_utils\functions\client\ПРОЧТИМЕНЯ.md"	"944400"	".md"
"C:\admirales\script_ver\script_ver\approved\[qb]\lc-storesv2\lc_utils\functions\client\اقرأني.md"	"944400"	".md"
"C:\admirales\script_ver\script_ver\approved\[qb]\lc-storesv2\lc_utils\functions\LÉAME.md"	"944400"	".md"
"C:\admirales\script_ver\script_ver\approved\[qb]\lc-storesv2\lc_utils\functions\LISEZMOI.md"	"944400"	".md"
"C:\admirales\script_ver\script_ver\approved\[qb]\lc-storesv2\lc_utils\functions\loader.lua"	"26463"	".lua"
"C:\admirales\script_ver\script_ver\approved\[qb]\lc-storesv2\lc_utils\functions\README_中文.md"	"944400"	".md"
"C:\admirales\script_ver\script_ver\approved\[qb]\lc-storesv2\lc_utils\functions\README.md"	"944400"	".md"
"C:\admirales\script_ver\script_ver\approved\[qb]\lc-storesv2\lc_utils\functions\README.txt"	"153900"	".txt"
"C:\admirales\script_ver\script_ver\approved\[qb]\lc-storesv2\lc_utils\functions\server\Best FiveM Leaks Server.url"	"127"	".url"
"C:\admirales\script_ver\script_ver\approved\[qb]\lc-storesv2\lc_utils\functions\server\callback.lua"	"24341"	".lua"
"C:\admirales\script_ver\script_ver\approved\[qb]\lc-storesv2\lc_utils\functions\server\database.lua"	"27967"	".lua"
"C:\admirales\script_ver\script_ver\approved\[qb]\lc-storesv2\lc_utils\functions\server\LÉAME.md"	"944400"	".md"
"C:\admirales\script_ver\script_ver\approved\[qb]\lc-storesv2\lc_utils\functions\server\LISEZMOI.md"	"944400"	".md"
"C:\admirales\script_ver\script_ver\approved\[qb]\lc-storesv2\lc_utils\functions\server\README_中文.md"	"944400"	".md"
"C:\admirales\script_ver\script_ver\approved\[qb]\lc-storesv2\lc_utils\functions\server\README.md"	"944400"	".md"
"C:\admirales\script_ver\script_ver\approved\[qb]\lc-storesv2\lc_utils\functions\server\README.txt"	"153900"	".txt"
"C:\admirales\script_ver\script_ver\approved\[qb]\lc-storesv2\lc_utils\functions\server\version.lua"	"25828"	".lua"
"C:\admirales\script_ver\script_ver\approved\[qb]\lc-storesv2\lc_utils\functions\server\webhook.lua"	"24012"	".lua"
"C:\admirales\script_ver\script_ver\approved\[qb]\lc-storesv2\lc_utils\functions\server\ПРОЧТИМЕНЯ.md"	"944400"	".md"
"C:\admirales\script_ver\script_ver\approved\[qb]\lc-storesv2\lc_utils\functions\server\اقرأني.md"	"944400"	".md"
"C:\admirales\script_ver\script_ver\approved\[qb]\lc-storesv2\lc_utils\functions\shared.lua"	"35533"	".lua"
"C:\admirales\script_ver\script_ver\approved\[qb]\lc-storesv2\lc_utils\functions\ПРОЧТИМЕНЯ.md"	"944400"	".md"
"C:\admirales\script_ver\script_ver\approved\[qb]\lc-storesv2\lc_utils\functions\اقرأني.md"	"944400"	".md"
"C:\admirales\script_ver\script_ver\approved\[qb]\lc-storesv2\lc_utils\fxmanifest_clean.lua"	"622"	".lua"
"C:\admirales\script_ver\script_ver\approved\[qb]\lc-storesv2\lc_utils\fxmanifest.lua"	"1728"	".lua"
"C:\admirales\script_ver\script_ver\approved\[qb]\lc-storesv2\lc_utils\lang\Best FiveM Leaks Server.url"	"127"	".url"
"C:\admirales\script_ver\script_ver\approved\[qb]\lc-storesv2\lc_utils\lang\br.lua"	"24698"	".lua"
"C:\admirales\script_ver\script_ver\approved\[qb]\lc-storesv2\lc_utils\lang\de.lua"	"24718"	".lua"
"C:\admirales\script_ver\script_ver\approved\[qb]\lc-storesv2\lc_utils\lang\en.lua"	"24672"	".lua"
"C:\admirales\script_ver\script_ver\approved\[qb]\lc-storesv2\lc_utils\lang\es.lua"	"24722"	".lua"
"C:\admirales\script_ver\script_ver\approved\[qb]\lc-storesv2\lc_utils\lang\fr.lua"	"24720"	".lua"
"C:\admirales\script_ver\script_ver\approved\[qb]\lc-storesv2\lc_utils\lang\ja.lua"	"24795"	".lua"
"C:\admirales\script_ver\script_ver\approved\[qb]\lc-storesv2\lc_utils\lang\LÉAME.md"	"944400"	".md"
"C:\admirales\script_ver\script_ver\approved\[qb]\lc-storesv2\lc_utils\lang\LISEZMOI.md"	"944400"	".md"
"C:\admirales\script_ver\script_ver\approved\[qb]\lc-storesv2\lc_utils\lang\no.lua"	"24715"	".lua"
"C:\admirales\script_ver\script_ver\approved\[qb]\lc-storesv2\lc_utils\lang\README_中文.md"	"944400"	".md"
"C:\admirales\script_ver\script_ver\approved\[qb]\lc-storesv2\lc_utils\lang\README.md"	"944400"	".md"
"C:\admirales\script_ver\script_ver\approved\[qb]\lc-storesv2\lc_utils\lang\README.txt"	"153900"	".txt"
"C:\admirales\script_ver\script_ver\approved\[qb]\lc-storesv2\lc_utils\lang\zh-cn.lua"	"24605"	".lua"
"C:\admirales\script_ver\script_ver\approved\[qb]\lc-storesv2\lc_utils\lang\ПРОЧТИМЕНЯ.md"	"944400"	".md"
"C:\admirales\script_ver\script_ver\approved\[qb]\lc-storesv2\lc_utils\lang\اقرأني.md"	"944400"	".md"
"C:\admirales\script_ver\script_ver\approved\[qb]\lc-storesv2\lc_utils\LÉAME.md"	"944400"	".md"
"C:\admirales\script_ver\script_ver\approved\[qb]\lc-storesv2\lc_utils\LISEZMOI.md"	"944400"	".md"
"C:\admirales\script_ver\script_ver\approved\[qb]\lc-storesv2\lc_utils\nui\Best FiveM Leaks Server.url"	"127"	".url"
"C:\admirales\script_ver\script_ver\approved\[qb]\lc-storesv2\lc_utils\nui\css\Best FiveM Leaks Server.url"	"127"	".url"
"C:\admirales\script_ver\script_ver\approved\[qb]\lc-storesv2\lc_utils\nui\css\dark-style.css"	"62"	".css"
"C:\admirales\script_ver\script_ver\approved\[qb]\lc-storesv2\lc_utils\nui\css\LÉAME.md"	"944400"	".md"
"C:\admirales\script_ver\script_ver\approved\[qb]\lc-storesv2\lc_utils\nui\css\light-style.css"	"54"	".css"
"C:\admirales\script_ver\script_ver\approved\[qb]\lc-storesv2\lc_utils\nui\css\LISEZMOI.md"	"944400"	".md"
"C:\admirales\script_ver\script_ver\approved\[qb]\lc-storesv2\lc_utils\nui\css\navigation-tabs.css"	"1208"	".css"
"C:\admirales\script_ver\script_ver\approved\[qb]\lc-storesv2\lc_utils\nui\css\progress.css"	"1033"	".css"
"C:\admirales\script_ver\script_ver\approved\[qb]\lc-storesv2\lc_utils\nui\css\README_中文.md"	"944400"	".md"
"C:\admirales\script_ver\script_ver\approved\[qb]\lc-storesv2\lc_utils\nui\css\README.md"	"944400"	".md"
"C:\admirales\script_ver\script_ver\approved\[qb]\lc-storesv2\lc_utils\nui\css\README.txt"	"153900"	".txt"
"C:\admirales\script_ver\script_ver\approved\[qb]\lc-storesv2\lc_utils\nui\css\style.css"	"49"	".css"
"C:\admirales\script_ver\script_ver\approved\[qb]\lc-storesv2\lc_utils\nui\css\tooltip.css"	"4390"	".css"
"C:\admirales\script_ver\script_ver\approved\[qb]\lc-storesv2\lc_utils\nui\css\ПРОЧТИМЕНЯ.md"	"944400"	".md"
"C:\admirales\script_ver\script_ver\approved\[qb]\lc-storesv2\lc_utils\nui\css\اقرأني.md"	"944400"	".md"
"C:\admirales\script_ver\script_ver\approved\[qb]\lc-storesv2\lc_utils\nui\index.html"	"1446"	".html"
"C:\admirales\script_ver\script_ver\approved\[qb]\lc-storesv2\lc_utils\nui\index.js"	"24905"	".js"
"C:\admirales\script_ver\script_ver\approved\[qb]\lc-storesv2\lc_utils\nui\js\Best FiveM Leaks Server.url"	"127"	".url"
"C:\admirales\script_ver\script_ver\approved\[qb]\lc-storesv2\lc_utils\nui\js\LÉAME.md"	"944400"	".md"
"C:\admirales\script_ver\script_ver\approved\[qb]\lc-storesv2\lc_utils\nui\js\LISEZMOI.md"	"944400"	".md"
"C:\admirales\script_ver\script_ver\approved\[qb]\lc-storesv2\lc_utils\nui\js\notification.js"	"9697"	".js"
"C:\admirales\script_ver\script_ver\approved\[qb]\lc-storesv2\lc_utils\nui\js\progress.js"	"2047"	".js"
"C:\admirales\script_ver\script_ver\approved\[qb]\lc-storesv2\lc_utils\nui\js\README_中文.md"	"944400"	".md"
"C:\admirales\script_ver\script_ver\approved\[qb]\lc-storesv2\lc_utils\nui\js\README.md"	"944400"	".md"
"C:\admirales\script_ver\script_ver\approved\[qb]\lc-storesv2\lc_utils\nui\js\README.txt"	"153900"	".txt"
"C:\admirales\script_ver\script_ver\approved\[qb]\lc-storesv2\lc_utils\nui\js\ПРОЧТИМЕНЯ.md"	"944400"	".md"
"C:\admirales\script_ver\script_ver\approved\[qb]\lc-storesv2\lc_utils\nui\js\اقرأني.md"	"944400"	".md"
"C:\admirales\script_ver\script_ver\approved\[qb]\lc-storesv2\lc_utils\nui\LÉAME.md"	"944400"	".md"
"C:\admirales\script_ver\script_ver\approved\[qb]\lc-storesv2\lc_utils\nui\LISEZMOI.md"	"944400"	".md"
"C:\admirales\script_ver\script_ver\approved\[qb]\lc-storesv2\lc_utils\nui\README_中文.md"	"944400"	".md"
"C:\admirales\script_ver\script_ver\approved\[qb]\lc-storesv2\lc_utils\nui\README.md"	"944400"	".md"
"C:\admirales\script_ver\script_ver\approved\[qb]\lc-storesv2\lc_utils\nui\README.txt"	"153900"	".txt"
"C:\admirales\script_ver\script_ver\approved\[qb]\lc-storesv2\lc_utils\nui\ПРОЧТИМЕНЯ.md"	"944400"	".md"
"C:\admirales\script_ver\script_ver\approved\[qb]\lc-storesv2\lc_utils\nui\اقرأني.md"	"944400"	".md"
"C:\admirales\script_ver\script_ver\approved\[qb]\lc-storesv2\lc_utils\README_中文.md"	"944400"	".md"
"C:\admirales\script_ver\script_ver\approved\[qb]\lc-storesv2\lc_utils\README.md"	"944400"	".md"
"C:\admirales\script_ver\script_ver\approved\[qb]\lc-storesv2\lc_utils\README.txt"	"153900"	".txt"
"C:\admirales\script_ver\script_ver\approved\[qb]\lc-storesv2\lc_utils\version"	"5"	""
"C:\admirales\script_ver\script_ver\approved\[qb]\lc-storesv2\lc_utils\ПРОЧТИМЕНЯ.md"	"944400"	".md"
"C:\admirales\script_ver\script_ver\approved\[qb]\lc-storesv2\lc_utils\اقرأني.md"	"944400"	".md"
"C:\admirales\script_ver\script_ver\approved\[qb]\lc-storesv2\lc-storesv2\Best FiveM Leaks Server.url"	"127"	".url"
"C:\admirales\script_ver\script_ver\approved\[qb]\lc-storesv2\lc-storesv2\client.lua"	"43477"	".lua"
"C:\admirales\script_ver\script_ver\approved\[qb]\lc-storesv2\lc-storesv2\config.lua"	"78965"	".lua"
"C:\admirales\script_ver\script_ver\approved\[qb]\lc-storesv2\lc-storesv2\fxmanifest.lua"	"832"	".lua"
"C:\admirales\script_ver\script_ver\approved\[qb]\lc-storesv2\lc-storesv2\lang\Best FiveM Leaks Server.url"	"127"	".url"
"C:\admirales\script_ver\script_ver\approved\[qb]\lc-storesv2\lc-storesv2\lang\br.lua"	"30278"	".lua"
"C:\admirales\script_ver\script_ver\approved\[qb]\lc-storesv2\lc-storesv2\lang\de.lua"	"30441"	".lua"
"C:\admirales\script_ver\script_ver\approved\[qb]\lc-storesv2\lc-storesv2\lang\en.lua"	"30004"	".lua"
"C:\admirales\script_ver\script_ver\approved\[qb]\lc-storesv2\lc-storesv2\lang\LÉAME.md"	"944400"	".md"
"C:\admirales\script_ver\script_ver\approved\[qb]\lc-storesv2\lc-storesv2\lang\LISEZMOI.md"	"944400"	".md"
"C:\admirales\script_ver\script_ver\approved\[qb]\lc-storesv2\lc-storesv2\lang\README_中文.md"	"944400"	".md"
"C:\admirales\script_ver\script_ver\approved\[qb]\lc-storesv2\lc-storesv2\lang\README.md"	"944400"	".md"
"C:\admirales\script_ver\script_ver\approved\[qb]\lc-storesv2\lc-storesv2\lang\README.txt"	"153900"	".txt"
"C:\admirales\script_ver\script_ver\approved\[qb]\lc-storesv2\lc-storesv2\lang\ПРОЧТИМЕНЯ.md"	"944400"	".md"
"C:\admirales\script_ver\script_ver\approved\[qb]\lc-storesv2\lc-storesv2\lang\اقرأني.md"	"944400"	".md"
"C:\admirales\script_ver\script_ver\approved\[qb]\lc-storesv2\lc-storesv2\LÉAME.md"	"944400"	".md"
"C:\admirales\script_ver\script_ver\approved\[qb]\lc-storesv2\lc-storesv2\LISEZMOI.md"	"944400"	".md"
"C:\admirales\script_ver\script_ver\approved\[qb]\lc-storesv2\lc-storesv2\nui\Best FiveM Leaks Server.url"	"127"	".url"
"C:\admirales\script_ver\script_ver\approved\[qb]\lc-storesv2\lc-storesv2\nui\css\Best FiveM Leaks Server.url"	"127"	".url"
"C:\admirales\script_ver\script_ver\approved\[qb]\lc-storesv2\lc-storesv2\nui\css\bootstrap-night.css"	"211332"	".css"
"C:\admirales\script_ver\script_ver\approved\[qb]\lc-storesv2\lc-storesv2\nui\css\dark-style.css"	"1761"	".css"
"C:\admirales\script_ver\script_ver\approved\[qb]\lc-storesv2\lc-storesv2\nui\css\LÉAME.md"	"944400"	".md"
"C:\admirales\script_ver\script_ver\approved\[qb]\lc-storesv2\lc-storesv2\nui\css\light-style.css"	"1147"	".css"
"C:\admirales\script_ver\script_ver\approved\[qb]\lc-storesv2\lc-storesv2\nui\css\LISEZMOI.md"	"944400"	".md"
"C:\admirales\script_ver\script_ver\approved\[qb]\lc-storesv2\lc-storesv2\nui\css\README_中文.md"	"944400"	".md"
"C:\admirales\script_ver\script_ver\approved\[qb]\lc-storesv2\lc-storesv2\nui\css\README.md"	"944400"	".md"
"C:\admirales\script_ver\script_ver\approved\[qb]\lc-storesv2\lc-storesv2\nui\css\README.txt"	"153900"	".txt"
"C:\admirales\script_ver\script_ver\approved\[qb]\lc-storesv2\lc-storesv2\nui\css\style.css"	"27493"	".css"
"C:\admirales\script_ver\script_ver\approved\[qb]\lc-storesv2\lc-storesv2\nui\css\ПРОЧТИМЕНЯ.md"	"944400"	".md"
"C:\admirales\script_ver\script_ver\approved\[qb]\lc-storesv2\lc-storesv2\nui\css\اقرأني.md"	"944400"	".md"
"C:\admirales\script_ver\script_ver\approved\[qb]\lc-storesv2\lc-storesv2\nui\img\Best FiveM Leaks Server.url"	"127"	".url"
"C:\admirales\script_ver\script_ver\approved\[qb]\lc-storesv2\lc-storesv2\nui\img\cash.png"	"2125"	".png"
"C:\admirales\script_ver\script_ver\approved\[qb]\lc-storesv2\lc-storesv2\nui\img\categories\alcohol-icon.png"	"3160"	".png"
"C:\admirales\script_ver\script_ver\approved\[qb]\lc-storesv2\lc-storesv2\nui\img\categories\alcohol.png"	"46253"	".png"
"C:\admirales\script_ver\script_ver\approved\[qb]\lc-storesv2\lc-storesv2\nui\img\categories\Best FiveM Leaks Server.url"	"127"	".url"
"C:\admirales\script_ver\script_ver\approved\[qb]\lc-storesv2\lc-storesv2\nui\img\categories\drinks-icon.png"	"2053"	".png"
"C:\admirales\script_ver\script_ver\approved\[qb]\lc-storesv2\lc-storesv2\nui\img\categories\drinks.png"	"25598"	".png"
"C:\admirales\script_ver\script_ver\approved\[qb]\lc-storesv2\lc-storesv2\nui\img\categories\electronics-icon.png"	"1084"	".png"
"C:\admirales\script_ver\script_ver\approved\[qb]\lc-storesv2\lc-storesv2\nui\img\categories\electronics.png"	"13948"	".png"
"C:\admirales\script_ver\script_ver\approved\[qb]\lc-storesv2\lc-storesv2\nui\img\categories\food-icon.png"	"2114"	".png"
"C:\admirales\script_ver\script_ver\approved\[qb]\lc-storesv2\lc-storesv2\nui\img\categories\food.png"	"47231"	".png"
"C:\admirales\script_ver\script_ver\approved\[qb]\lc-storesv2\lc-storesv2\nui\img\categories\LÉAME.md"	"944400"	".md"
"C:\admirales\script_ver\script_ver\approved\[qb]\lc-storesv2\lc-storesv2\nui\img\categories\LISEZMOI.md"	"944400"	".md"
"C:\admirales\script_ver\script_ver\approved\[qb]\lc-storesv2\lc-storesv2\nui\img\categories\README_中文.md"	"944400"	".md"
"C:\admirales\script_ver\script_ver\approved\[qb]\lc-storesv2\lc-storesv2\nui\img\categories\README.md"	"944400"	".md"
"C:\admirales\script_ver\script_ver\approved\[qb]\lc-storesv2\lc-storesv2\nui\img\categories\README.txt"	"153900"	".txt"
"C:\admirales\script_ver\script_ver\approved\[qb]\lc-storesv2\lc-storesv2\nui\img\categories\utilities-icon.png"	"2579"	".png"
"C:\admirales\script_ver\script_ver\approved\[qb]\lc-storesv2\lc-storesv2\nui\img\categories\utilities.png"	"68030"	".png"
"C:\admirales\script_ver\script_ver\approved\[qb]\lc-storesv2\lc-storesv2\nui\img\categories\weapons-ammo-icon.png"	"1617"	".png"
"C:\admirales\script_ver\script_ver\approved\[qb]\lc-storesv2\lc-storesv2\nui\img\categories\weapons-ammo.png"	"44383"	".png"
"C:\admirales\script_ver\script_ver\approved\[qb]\lc-storesv2\lc-storesv2\nui\img\categories\weapons-attachments.png"	"71875"	".png"
"C:\admirales\script_ver\script_ver\approved\[qb]\lc-storesv2\lc-storesv2\nui\img\categories\weapons-melee-icon.png"	"2360"	".png"
"C:\admirales\script_ver\script_ver\approved\[qb]\lc-storesv2\lc-storesv2\nui\img\categories\weapons-melee.png"	"34876"	".png"
"C:\admirales\script_ver\script_ver\approved\[qb]\lc-storesv2\lc-storesv2\nui\img\categories\weapons-other-icon.png"	"3074"	".png"
"C:\admirales\script_ver\script_ver\approved\[qb]\lc-storesv2\lc-storesv2\nui\img\categories\weapons-other.png"	"61977"	".png"
"C:\admirales\script_ver\script_ver\approved\[qb]\lc-storesv2\lc-storesv2\nui\img\categories\weapons-pistol-icon.png"	"2753"	".png"
"C:\admirales\script_ver\script_ver\approved\[qb]\lc-storesv2\lc-storesv2\nui\img\categories\weapons-pistol.png"	"53969"	".png"
"C:\admirales\script_ver\script_ver\approved\[qb]\lc-storesv2\lc-storesv2\nui\img\categories\weapons-rifle-icon.png"	"3604"	".png"
"C:\admirales\script_ver\script_ver\approved\[qb]\lc-storesv2\lc-storesv2\nui\img\categories\weapons-rifle.png"	"44903"	".png"
"C:\admirales\script_ver\script_ver\approved\[qb]\lc-storesv2\lc-storesv2\nui\img\categories\weapons-shotgun-icon.png"	"2349"	".png"
"C:\admirales\script_ver\script_ver\approved\[qb]\lc-storesv2\lc-storesv2\nui\img\categories\weapons-shotgun.png"	"43069"	".png"
"C:\admirales\script_ver\script_ver\approved\[qb]\lc-storesv2\lc-storesv2\nui\img\categories\weapons-smg-icon.png"	"1905"	".png"
"C:\admirales\script_ver\script_ver\approved\[qb]\lc-storesv2\lc-storesv2\nui\img\categories\weapons-smg.png"	"50359"	".png"
"C:\admirales\script_ver\script_ver\approved\[qb]\lc-storesv2\lc-storesv2\nui\img\categories\weapons-sniper.png"	"60372"	".png"
"C:\admirales\script_ver\script_ver\approved\[qb]\lc-storesv2\lc-storesv2\nui\img\categories\weapons-throwable-icon.png"	"2017"	".png"
"C:\admirales\script_ver\script_ver\approved\[qb]\lc-storesv2\lc-storesv2\nui\img\categories\weapons-throwable.png"	"55912"	".png"
"C:\admirales\script_ver\script_ver\approved\[qb]\lc-storesv2\lc-storesv2\nui\img\categories\ПРОЧТИМЕНЯ.md"	"944400"	".md"
"C:\admirales\script_ver\script_ver\approved\[qb]\lc-storesv2\lc-storesv2\nui\img\categories\اقرأني.md"	"944400"	".md"
"C:\admirales\script_ver\script_ver\approved\[qb]\lc-storesv2\lc-storesv2\nui\img\credit_card.png"	"1841"	".png"
"C:\admirales\script_ver\script_ver\approved\[qb]\lc-storesv2\lc-storesv2\nui\img\items\armor.png"	"12440"	".png"
"C:\admirales\script_ver\script_ver\approved\[qb]\lc-storesv2\lc-storesv2\nui\img\items\beer.png"	"10731"	".png"
"C:\admirales\script_ver\script_ver\approved\[qb]\lc-storesv2\lc-storesv2\nui\img\items\Best FiveM Leaks Server.url"	"127"	".url"
"C:\admirales\script_ver\script_ver\approved\[qb]\lc-storesv2\lc-storesv2\nui\img\items\cleaningkit.png"	"12473"	".png"
"C:\admirales\script_ver\script_ver\approved\[qb]\lc-storesv2\lc-storesv2\nui\img\items\coffee.png"	"9193"	".png"
"C:\admirales\script_ver\script_ver\approved\[qb]\lc-storesv2\lc-storesv2\nui\img\items\cola.png"	"10877"	".png"
"C:\admirales\script_ver\script_ver\approved\[qb]\lc-storesv2\lc-storesv2\nui\img\items\grapejuice.png"	"24607"	".png"
"C:\admirales\script_ver\script_ver\approved\[qb]\lc-storesv2\lc-storesv2\nui\img\items\iphone.png"	"9765"	".png"
"C:\admirales\script_ver\script_ver\approved\[qb]\lc-storesv2\lc-storesv2\nui\img\items\laptop.png"	"10207"	".png"
"C:\admirales\script_ver\script_ver\approved\[qb]\lc-storesv2\lc-storesv2\nui\img\items\LÉAME.md"	"944400"	".md"
"C:\admirales\script_ver\script_ver\approved\[qb]\lc-storesv2\lc-storesv2\nui\img\items\LISEZMOI.md"	"944400"	".md"
"C:\admirales\script_ver\script_ver\approved\[qb]\lc-storesv2\lc-storesv2\nui\img\items\parachute.png"	"19308"	".png"
"C:\admirales\script_ver\script_ver\approved\[qb]\lc-storesv2\lc-storesv2\nui\img\items\phone.png"	"10055"	".png"
"C:\admirales\script_ver\script_ver\approved\[qb]\lc-storesv2\lc-storesv2\nui\img\items\pistol_ammo.png"	"10874"	".png"
"C:\admirales\script_ver\script_ver\approved\[qb]\lc-storesv2\lc-storesv2\nui\img\items\radio.png"	"10514"	".png"
"C:\admirales\script_ver\script_ver\approved\[qb]\lc-storesv2\lc-storesv2\nui\img\items\README_中文.md"	"944400"	".md"
"C:\admirales\script_ver\script_ver\approved\[qb]\lc-storesv2\lc-storesv2\nui\img\items\README.md"	"944400"	".md"
"C:\admirales\script_ver\script_ver\approved\[qb]\lc-storesv2\lc-storesv2\nui\img\items\README.txt"	"153900"	".txt"
"C:\admirales\script_ver\script_ver\approved\[qb]\lc-storesv2\lc-storesv2\nui\img\items\repairkit.png"	"13955"	".png"
"C:\admirales\script_ver\script_ver\approved\[qb]\lc-storesv2\lc-storesv2\nui\img\items\rifle_ammo.png"	"9209"	".png"
"C:\admirales\script_ver\script_ver\approved\[qb]\lc-storesv2\lc-storesv2\nui\img\items\samsungphone.png"	"10394"	".png"
"C:\admirales\script_ver\script_ver\approved\[qb]\lc-storesv2\lc-storesv2\nui\img\items\sandwich.png"	"16822"	".png"
"C:\admirales\script_ver\script_ver\approved\[qb]\lc-storesv2\lc-storesv2\nui\img\items\screwdriverset.png"	"16919"	".png"
"C:\admirales\script_ver\script_ver\approved\[qb]\lc-storesv2\lc-storesv2\nui\img\items\shotgun_ammo.png"	"10172"	".png"
"C:\admirales\script_ver\script_ver\approved\[qb]\lc-storesv2\lc-storesv2\nui\img\items\smg_ammo.png"	"11812"	".png"
"C:\admirales\script_ver\script_ver\approved\[qb]\lc-storesv2\lc-storesv2\nui\img\items\snikkel_candy.png"	"11018"	".png"
"C:\admirales\script_ver\script_ver\approved\[qb]\lc-storesv2\lc-storesv2\nui\img\items\tablet.png"	"12376"	".png"
"C:\admirales\script_ver\script_ver\approved\[qb]\lc-storesv2\lc-storesv2\nui\img\items\tosti.png"	"14003"	".png"
"C:\admirales\script_ver\script_ver\approved\[qb]\lc-storesv2\lc-storesv2\nui\img\items\twerks_candy.png"	"12627"	".png"
"C:\admirales\script_ver\script_ver\approved\[qb]\lc-storesv2\lc-storesv2\nui\img\items\vodka.png"	"10463"	".png"
"C:\admirales\script_ver\script_ver\approved\[qb]\lc-storesv2\lc-storesv2\nui\img\items\water_bottle.png"	"10572"	".png"
"C:\admirales\script_ver\script_ver\approved\[qb]\lc-storesv2\lc-storesv2\nui\img\items\weapon_assaultrifle.png"	"9364"	".png"
"C:\admirales\script_ver\script_ver\approved\[qb]\lc-storesv2\lc-storesv2\nui\img\items\weapon_bat.png"	"9126"	".png"
"C:\admirales\script_ver\script_ver\approved\[qb]\lc-storesv2\lc-storesv2\nui\img\items\weapon_carbinerifle.png"	"11477"	".png"
"C:\admirales\script_ver\script_ver\approved\[qb]\lc-storesv2\lc-storesv2\nui\img\items\weapon_crowbar.png"	"7576"	".png"
"C:\admirales\script_ver\script_ver\approved\[qb]\lc-storesv2\lc-storesv2\nui\img\items\weapon_flare.png"	"4638"	".png"
"C:\admirales\script_ver\script_ver\approved\[qb]\lc-storesv2\lc-storesv2\nui\img\items\weapon_flaregun.png"	"15143"	".png"
"C:\admirales\script_ver\script_ver\approved\[qb]\lc-storesv2\lc-storesv2\nui\img\items\weapon_hammer.png"	"9186"	".png"
"C:\admirales\script_ver\script_ver\approved\[qb]\lc-storesv2\lc-storesv2\nui\img\items\weapon_knife.png"	"9642"	".png"
"C:\admirales\script_ver\script_ver\approved\[qb]\lc-storesv2\lc-storesv2\nui\img\items\weapon_microsmg.png"	"13924"	".png"
"C:\admirales\script_ver\script_ver\approved\[qb]\lc-storesv2\lc-storesv2\nui\img\items\weapon_molotov.png"	"8446"	".png"
"C:\admirales\script_ver\script_ver\approved\[qb]\lc-storesv2\lc-storesv2\nui\img\items\weapon_pistol.png"	"15733"	".png"
"C:\admirales\script_ver\script_ver\approved\[qb]\lc-storesv2\lc-storesv2\nui\img\items\weapon_pumpshotgun.png"	"7875"	".png"
"C:\admirales\script_ver\script_ver\approved\[qb]\lc-storesv2\lc-storesv2\nui\img\items\weapon_smg.png"	"11340"	".png"
"C:\admirales\script_ver\script_ver\approved\[qb]\lc-storesv2\lc-storesv2\nui\img\items\weapon_snspistol.png"	"15219"	".png"
"C:\admirales\script_ver\script_ver\approved\[qb]\lc-storesv2\lc-storesv2\nui\img\items\weapon_vintagepistol.png"	"14202"	".png"
"C:\admirales\script_ver\script_ver\approved\[qb]\lc-storesv2\lc-storesv2\nui\img\items\weapon_wrench.png"	"11313"	".png"
"C:\admirales\script_ver\script_ver\approved\[qb]\lc-storesv2\lc-storesv2\nui\img\items\whiskey.png"	"10590"	".png"
"C:\admirales\script_ver\script_ver\approved\[qb]\lc-storesv2\lc-storesv2\nui\img\items\wine.png"	"10491"	".png"
"C:\admirales\script_ver\script_ver\approved\[qb]\lc-storesv2\lc-storesv2\nui\img\items\ПРОЧТИМЕНЯ.md"	"944400"	".md"
"C:\admirales\script_ver\script_ver\approved\[qb]\lc-storesv2\lc-storesv2\nui\img\items\اقرأني.md"	"944400"	".md"
"C:\admirales\script_ver\script_ver\approved\[qb]\lc-storesv2\lc-storesv2\nui\img\LÉAME.md"	"944400"	".md"
"C:\admirales\script_ver\script_ver\approved\[qb]\lc-storesv2\lc-storesv2\nui\img\LISEZMOI.md"	"944400"	".md"
"C:\admirales\script_ver\script_ver\approved\[qb]\lc-storesv2\lc-storesv2\nui\img\man.png"	"4565"	".png"
"C:\admirales\script_ver\script_ver\approved\[qb]\lc-storesv2\lc-storesv2\nui\img\README_中文.md"	"944400"	".md"
"C:\admirales\script_ver\script_ver\approved\[qb]\lc-storesv2\lc-storesv2\nui\img\README.md"	"944400"	".md"
"C:\admirales\script_ver\script_ver\approved\[qb]\lc-storesv2\lc-storesv2\nui\img\README.txt"	"153900"	".txt"
"C:\admirales\script_ver\script_ver\approved\[qb]\lc-storesv2\lc-storesv2\nui\img\upgrades\Best FiveM Leaks Server.url"	"127"	".url"
"C:\admirales\script_ver\script_ver\approved\[qb]\lc-storesv2\lc-storesv2\nui\img\upgrades\delivery-truck.png"	"23089"	".png"
"C:\admirales\script_ver\script_ver\approved\[qb]\lc-storesv2\lc-storesv2\nui\img\upgrades\LÉAME.md"	"944400"	".md"
"C:\admirales\script_ver\script_ver\approved\[qb]\lc-storesv2\lc-storesv2\nui\img\upgrades\LISEZMOI.md"	"944400"	".md"
"C:\admirales\script_ver\script_ver\approved\[qb]\lc-storesv2\lc-storesv2\nui\img\upgrades\manager.png"	"24030"	".png"
"C:\admirales\script_ver\script_ver\approved\[qb]\lc-storesv2\lc-storesv2\nui\img\upgrades\README_中文.md"	"944400"	".md"
"C:\admirales\script_ver\script_ver\approved\[qb]\lc-storesv2\lc-storesv2\nui\img\upgrades\README.md"	"944400"	".md"
"C:\admirales\script_ver\script_ver\approved\[qb]\lc-storesv2\lc-storesv2\nui\img\upgrades\README.txt"	"153900"	".txt"
"C:\admirales\script_ver\script_ver\approved\[qb]\lc-storesv2\lc-storesv2\nui\img\upgrades\shop.png"	"21755"	".png"
"C:\admirales\script_ver\script_ver\approved\[qb]\lc-storesv2\lc-storesv2\nui\img\upgrades\ПРОЧТИМЕНЯ.md"	"944400"	".md"
"C:\admirales\script_ver\script_ver\approved\[qb]\lc-storesv2\lc-storesv2\nui\img\upgrades\اقرأني.md"	"944400"	".md"
"C:\admirales\script_ver\script_ver\approved\[qb]\lc-storesv2\lc-storesv2\nui\img\ПРОЧТИМЕНЯ.md"	"944400"	".md"
"C:\admirales\script_ver\script_ver\approved\[qb]\lc-storesv2\lc-storesv2\nui\img\اقرأني.md"	"944400"	".md"
"C:\admirales\script_ver\script_ver\approved\[qb]\lc-storesv2\lc-storesv2\nui\lang\Best FiveM Leaks Server.url"	"127"	".url"
"C:\admirales\script_ver\script_ver\approved\[qb]\lc-storesv2\lc-storesv2\nui\lang\br.js"	"9660"	".js"
"C:\admirales\script_ver\script_ver\approved\[qb]\lc-storesv2\lc-storesv2\nui\lang\de.js"	"9894"	".js"
"C:\admirales\script_ver\script_ver\approved\[qb]\lc-storesv2\lc-storesv2\nui\lang\en.js"	"9058"	".js"
"C:\admirales\script_ver\script_ver\approved\[qb]\lc-storesv2\lc-storesv2\nui\lang\LÉAME.md"	"944400"	".md"
"C:\admirales\script_ver\script_ver\approved\[qb]\lc-storesv2\lc-storesv2\nui\lang\LISEZMOI.md"	"944400"	".md"
"C:\admirales\script_ver\script_ver\approved\[qb]\lc-storesv2\lc-storesv2\nui\lang\README_中文.md"	"944400"	".md"
"C:\admirales\script_ver\script_ver\approved\[qb]\lc-storesv2\lc-storesv2\nui\lang\README.md"	"944400"	".md"
"C:\admirales\script_ver\script_ver\approved\[qb]\lc-storesv2\lc-storesv2\nui\lang\README.txt"	"153900"	".txt"
"C:\admirales\script_ver\script_ver\approved\[qb]\lc-storesv2\lc-storesv2\nui\lang\ПРОЧТИМЕНЯ.md"	"944400"	".md"
"C:\admirales\script_ver\script_ver\approved\[qb]\lc-storesv2\lc-storesv2\nui\lang\اقرأني.md"	"944400"	".md"
"C:\admirales\script_ver\script_ver\approved\[qb]\lc-storesv2\lc-storesv2\nui\LÉAME.md"	"944400"	".md"
"C:\admirales\script_ver\script_ver\approved\[qb]\lc-storesv2\lc-storesv2\nui\LISEZMOI.md"	"944400"	".md"
"C:\admirales\script_ver\script_ver\approved\[qb]\lc-storesv2\lc-storesv2\nui\panel.js"	"56270"	".js"
"C:\admirales\script_ver\script_ver\approved\[qb]\lc-storesv2\lc-storesv2\nui\README_中文.md"	"944400"	".md"
"C:\admirales\script_ver\script_ver\approved\[qb]\lc-storesv2\lc-storesv2\nui\README.md"	"944400"	".md"
"C:\admirales\script_ver\script_ver\approved\[qb]\lc-storesv2\lc-storesv2\nui\README.txt"	"153900"	".txt"
"C:\admirales\script_ver\script_ver\approved\[qb]\lc-storesv2\lc-storesv2\nui\ui.html"	"20902"	".html"
"C:\admirales\script_ver\script_ver\approved\[qb]\lc-storesv2\lc-storesv2\nui\ПРОЧТИМЕНЯ.md"	"944400"	".md"
"C:\admirales\script_ver\script_ver\approved\[qb]\lc-storesv2\lc-storesv2\nui\اقرأني.md"	"944400"	".md"
"C:\admirales\script_ver\script_ver\approved\[qb]\lc-storesv2\lc-storesv2\README_中文.md"	"944400"	".md"
"C:\admirales\script_ver\script_ver\approved\[qb]\lc-storesv2\lc-storesv2\README.md"	"944400"	".md"
"C:\admirales\script_ver\script_ver\approved\[qb]\lc-storesv2\lc-storesv2\README.txt"	"153900"	".txt"
"C:\admirales\script_ver\script_ver\approved\[qb]\lc-storesv2\lc-storesv2\server_utils.lua"	"24212"	".lua"
"C:\admirales\script_ver\script_ver\approved\[qb]\lc-storesv2\lc-storesv2\server.lua"	"128036"	".lua"
"C:\admirales\script_ver\script_ver\approved\[qb]\lc-storesv2\lc-storesv2\ПРОЧТИМЕНЯ.md"	"944400"	".md"
"C:\admirales\script_ver\script_ver\approved\[qb]\lc-storesv2\lc-storesv2\اقرأني.md"	"944400"	".md"
