"Algorithm","Hash","Path"
"SHA256","B75FBB58C511D4BDDD605ED438AF357708534B54BA404593454F0A20D580C85D","C:\admirales\script_ver\script_ver\approved\[standalone]\lc_stores\client.lua"
"SHA256","3E9E2DEFBD19D2B478860A3D0C2675BD9F280B3A6B7479A28598C6202B5686CF","C:\admirales\script_ver\script_ver\approved\[standalone]\lc_stores\config.lua"
"SHA256","C87B7D25011699231E822D3DE4ED34C0540FAB24F6312EB7CC0350FCB325CBAD","C:\admirales\script_ver\script_ver\approved\[standalone]\lc_stores\fxmanifest.lua"
"SHA256","A595B76377A89A70AE8F80DB71C45B5E49864CEBDEF75532DE5E565D7B70E00D","C:\admirales\script_ver\script_ver\approved\[standalone]\lc_stores\server_utils.lua"
"SHA256","CDD9CA9634E59397D89E2A1F7A293660992DD9E4E7F08B38B008DE9A7C17D702","C:\admirales\script_ver\script_ver\approved\[standalone]\lc_stores\server.lua"
"SHA256","2DC67FC080D8EE125500B321C4164491B7B4C3DF64964398F6E4CAEC74ECCB82","C:\admirales\script_ver\script_ver\approved\[standalone]\lc_stores\lang\br.lua"
"SHA256","28069A64A7A0925E6116315A077A4DA433CC08C1B07864BE0138D38654FE11F2","C:\admirales\script_ver\script_ver\approved\[standalone]\lc_stores\lang\de.lua"
"SHA256","00840B28AD8410F52131A361E45F1749B24BBE8677BF100582F49FCC0FF28D55","C:\admirales\script_ver\script_ver\approved\[standalone]\lc_stores\lang\en.lua"
"SHA256","19EB6C8BA3E9AC2C96C73CBA80BA37986FA265D0A34C70227B4C6AD67640F265","C:\admirales\script_ver\script_ver\approved\[standalone]\lc_stores\nui\panel.js"
"SHA256","CA7C9B3424DE77FB2C80D958C5B08B54AC679988FC0285901442D7F67D137B23","C:\admirales\script_ver\script_ver\approved\[standalone]\lc_stores\nui\ui.html"
"SHA256","0DBB2B9334667B91F9C05F7FDD304850299010DC49D4ABAD1B9417C2804607EB","C:\admirales\script_ver\script_ver\approved\[standalone]\lc_stores\nui\css\bootstrap-night.css"
"SHA256","81A9AE208242D30EC2780EEAE048603BD9CF785F63BA8E3C609A9196DE5CA8DF","C:\admirales\script_ver\script_ver\approved\[standalone]\lc_stores\nui\css\dark-style.css"
"SHA256","8CEE6C58432F25C918D4B261DC076C5B5EAFE2BEC921E9F4DAD8ACB6ED6BF3C6","C:\admirales\script_ver\script_ver\approved\[standalone]\lc_stores\nui\css\light-style.css"
"SHA256","8FF2C10FDB8D5BFB3E8E55419B06FE15E4E864260CC77E452E03D34F776C1F8A","C:\admirales\script_ver\script_ver\approved\[standalone]\lc_stores\nui\css\style.css"
"SHA256","CEEF8F7C58F91A42916905DEBAD0CAA3134FA278D99BE7380DBE7C3F658AFB11","C:\admirales\script_ver\script_ver\approved\[standalone]\lc_stores\nui\img\cash.png"
"SHA256","F9576C20F6D4137C860DFEFCB846A8957CFBF5B25829FEAE029FFA78A01E8ACB","C:\admirales\script_ver\script_ver\approved\[standalone]\lc_stores\nui\img\credit_card.png"
"SHA256","16CD7C1E428478B0E5C0C0CCA95D6567BFD0E54BD3E979AF2F758D250459A960","C:\admirales\script_ver\script_ver\approved\[standalone]\lc_stores\nui\img\man.png"
"SHA256","A37E45C88542799A8B1E74FA8F1EC2C5BD53B3EA19E70844B0950621DEA73316","C:\admirales\script_ver\script_ver\approved\[standalone]\lc_stores\nui\img\categories\alcohol-icon.png"
"SHA256","BA47E92F82E2CBA6EBF22270EAADDF1B7F35CE9E644C83294B8CF3DC96CF05A6","C:\admirales\script_ver\script_ver\approved\[standalone]\lc_stores\nui\img\categories\alcohol.png"
"SHA256","CC1ABF8ADAE4422C5CD7C87E70159EEDFEA7F69412A4DCA6CD37708E34F900A1","C:\admirales\script_ver\script_ver\approved\[standalone]\lc_stores\nui\img\categories\drinks-icon.png"
"SHA256","93F37CAF6F58A4C9F418FC24FFF5379EA7EBAAFD433ED107A18CEF44DE98DFD2","C:\admirales\script_ver\script_ver\approved\[standalone]\lc_stores\nui\img\categories\drinks.png"
"SHA256","08B0F0823F0875741A8C0394D89E1B4FAB77CE635A601AEAB2E7DDC049FC0511","C:\admirales\script_ver\script_ver\approved\[standalone]\lc_stores\nui\img\categories\electronics-icon.png"
"SHA256","1494E29186441AB366ADE3B6F5DF0E9347AFFCA6613098C8B9B9017CB7E6836E","C:\admirales\script_ver\script_ver\approved\[standalone]\lc_stores\nui\img\categories\electronics.png"
"SHA256","4FC2E932D38A8C0EA330DAC7E5E3F3C6C59EF26C79D25C49AF3375AE30904EA9","C:\admirales\script_ver\script_ver\approved\[standalone]\lc_stores\nui\img\categories\food-icon.png"
"SHA256","92093F34271BDE7B65DE26DF9E240ED476244331A56E3866B76E4675FB9FDC8A","C:\admirales\script_ver\script_ver\approved\[standalone]\lc_stores\nui\img\categories\food.png"
"SHA256","7752AD3E65540EE3E36D9367D34461CACDD6C9F66008AAAA041E0C6EF0F1A16E","C:\admirales\script_ver\script_ver\approved\[standalone]\lc_stores\nui\img\categories\utilities-icon.png"
"SHA256","3A9A1D11E0CC3F7C6D2DE575A0FA3814076BF3989E986C4F3A82666EF24DB5DF","C:\admirales\script_ver\script_ver\approved\[standalone]\lc_stores\nui\img\categories\utilities.png"
"SHA256","F70D5E34C5664433E55D0D6512BDDF0A5A6D422890E41E148AB89513D535F4C1","C:\admirales\script_ver\script_ver\approved\[standalone]\lc_stores\nui\img\categories\weapons-ammo-icon.png"
"SHA256","EB165E8A6258769BF92639FE97E4EF461D09BBE6C6BF3C9CEC0379545AEE0C8B","C:\admirales\script_ver\script_ver\approved\[standalone]\lc_stores\nui\img\categories\weapons-ammo.png"
"SHA256","60C3728784B5A89112B601FCE28F3BF002CDF95D45588143B8202A2278ADADE5","C:\admirales\script_ver\script_ver\approved\[standalone]\lc_stores\nui\img\categories\weapons-attachments.png"
"SHA256","9B2D962BE735023509F3B1B7626187610EC436D3BA8874F016E133B21D99B07E","C:\admirales\script_ver\script_ver\approved\[standalone]\lc_stores\nui\img\categories\weapons-melee-icon.png"
"SHA256","625A3F0A4641AA3B8639F402D84B3A6ACA4D102A05AC97465B8C80F072982230","C:\admirales\script_ver\script_ver\approved\[standalone]\lc_stores\nui\img\categories\weapons-melee.png"
"SHA256","E473255BF8F82D1E2D19B5FB3CE10A9A00523714F6CB3517E1B20993FEA7242D","C:\admirales\script_ver\script_ver\approved\[standalone]\lc_stores\nui\img\categories\weapons-other-icon.png"
"SHA256","5AC6344ACAC3786F10902CAA15A8C5B117F9FF51AE017C8DE4F909379693FB94","C:\admirales\script_ver\script_ver\approved\[standalone]\lc_stores\nui\img\categories\weapons-other.png"
"SHA256","D7A28DAEF4B52892069BD471D2D8114A08AC560E465048FA6B332FCBBB93D992","C:\admirales\script_ver\script_ver\approved\[standalone]\lc_stores\nui\img\categories\weapons-pistol-icon.png"
"SHA256","1F849E66DB69406CAD75056D7C02FA4D067C1721E41C63545BCD375A2957DC98","C:\admirales\script_ver\script_ver\approved\[standalone]\lc_stores\nui\img\categories\weapons-pistol.png"
"SHA256","FADC61543AF3510092E20510D9EE21AF07811540CB7B1A4A85730CB3CD0FB3A1","C:\admirales\script_ver\script_ver\approved\[standalone]\lc_stores\nui\img\categories\weapons-rifle-icon.png"
"SHA256","7552076C915F7868DF030D084BC70600F82BEADCE18F063B308C4A10F989BFEC","C:\admirales\script_ver\script_ver\approved\[standalone]\lc_stores\nui\img\categories\weapons-rifle.png"
"SHA256","D52CA90F08166AB48728E815C533020238AC9ACB7BBA814394FE0A60215CF03C","C:\admirales\script_ver\script_ver\approved\[standalone]\lc_stores\nui\img\categories\weapons-shotgun-icon.png"
"SHA256","A20387E92A4CE71DC91567253CA4B509358AAADEB0DD3EAE3ACC261FD4193144","C:\admirales\script_ver\script_ver\approved\[standalone]\lc_stores\nui\img\categories\weapons-shotgun.png"
"SHA256","FC8FD1203AE82907A9099B2C2164F72219C54765A1FE52866993E33DD083947F","C:\admirales\script_ver\script_ver\approved\[standalone]\lc_stores\nui\img\categories\weapons-smg-icon.png"
"SHA256","9EF5B4CEB3243E0ED8F634F34C9EDD77D56B0D3D1D402F7DE13E800CEECA0602","C:\admirales\script_ver\script_ver\approved\[standalone]\lc_stores\nui\img\categories\weapons-smg.png"
"SHA256","98249B02A156403710B7ECC2544C7C2797690E1F4A6D53FEF503190C1F14C045","C:\admirales\script_ver\script_ver\approved\[standalone]\lc_stores\nui\img\categories\weapons-sniper.png"
"SHA256","58298A8DFABE201EC985D4F3444E5A53B06D0EF1CF3A8AC71F9949B8E17383DC","C:\admirales\script_ver\script_ver\approved\[standalone]\lc_stores\nui\img\categories\weapons-throwable-icon.png"
"SHA256","EC9F0D940C58368E9AE0AF76B238945427AC5B1694DD10C0E3314CEFC0072D24","C:\admirales\script_ver\script_ver\approved\[standalone]\lc_stores\nui\img\categories\weapons-throwable.png"
"SHA256","FACC01B9729CBCC90042094C665662B9490DA926AFC720BA5385F765A7EFBD6F","C:\admirales\script_ver\script_ver\approved\[standalone]\lc_stores\nui\img\items\armor.png"
"SHA256","01BCA1B146E43909E2C75B0302CF88400119E809C216AF56E1E338784A7B8D4D","C:\admirales\script_ver\script_ver\approved\[standalone]\lc_stores\nui\img\items\beer.png"
"SHA256","7D0FB4F9E86A00E472894DCF30F6FD6BE8CF2124BC80BDC23C4EF818839EDE45","C:\admirales\script_ver\script_ver\approved\[standalone]\lc_stores\nui\img\items\cleaningkit.png"
"SHA256","9F783E9A8CAA410F342D310C1FFEE396DB7D3CECB2A2C0D9A4A3891006A97356","C:\admirales\script_ver\script_ver\approved\[standalone]\lc_stores\nui\img\items\coffee.png"
"SHA256","AE8D5A1BBB4F51167D28C5748476BF1455F5FDBB45141D95166C0E9577EA9298","C:\admirales\script_ver\script_ver\approved\[standalone]\lc_stores\nui\img\items\cola.png"
"SHA256","043181A1549403C8CA47727163639EA1611D75226C6FB1484C31795B905F3DB2","C:\admirales\script_ver\script_ver\approved\[standalone]\lc_stores\nui\img\items\grapejuice.png"
"SHA256","BA5FD10AC28206A1704B19589EF7E31FC343D52110A98C943A9FC0A7EC720714","C:\admirales\script_ver\script_ver\approved\[standalone]\lc_stores\nui\img\items\iphone.png"
"SHA256","9AB797D41E5D1B96BA35A5AE4A6EFE2DF3C47DDCBD68BDF4189EF656BBC5760B","C:\admirales\script_ver\script_ver\approved\[standalone]\lc_stores\nui\img\items\laptop.png"
"SHA256","E94B9F70D41C70DEF8F0DE3EDB0FED17D041BA2F9B50816DA27F91721A3B7B6E","C:\admirales\script_ver\script_ver\approved\[standalone]\lc_stores\nui\img\items\parachute.png"
"SHA256","DF14456D5BD02F38728AC5893812696EC31B0966C1764F31235B560149142F50","C:\admirales\script_ver\script_ver\approved\[standalone]\lc_stores\nui\img\items\phone.png"
"SHA256","1EEBFEA7698A196780FFB6A394C357E418BB11B8ACA548D8549C6B5988BA556E","C:\admirales\script_ver\script_ver\approved\[standalone]\lc_stores\nui\img\items\pistol_ammo.png"
"SHA256","DA12D092828418A053E69AED4BE0560C5A0C91ADB7DE24182C4AD83483DD8E2B","C:\admirales\script_ver\script_ver\approved\[standalone]\lc_stores\nui\img\items\radio.png"
"SHA256","44E135266B43A57391C8F2B71906BB5F106542E334239D4782C90D3B03343198","C:\admirales\script_ver\script_ver\approved\[standalone]\lc_stores\nui\img\items\repairkit.png"
"SHA256","0A8D61EEFE46C0F3C948CB067945F299EEF2F92F4331DAE713B0702B07B8D32A","C:\admirales\script_ver\script_ver\approved\[standalone]\lc_stores\nui\img\items\rifle_ammo.png"
"SHA256","CEF59B05F720621546E08619649C73C2C99AECBAC19EF409ED49F0ADF5B32B45","C:\admirales\script_ver\script_ver\approved\[standalone]\lc_stores\nui\img\items\samsungphone.png"
"SHA256","0F006B40B5D98558A7D7D4C6D9BB50EE0916E08EF0E797F527A30F7A667D8541","C:\admirales\script_ver\script_ver\approved\[standalone]\lc_stores\nui\img\items\sandwich.png"
"SHA256","D121843974C765A497C5B87746CF82D723828AAD69F180BB14697D28B5F07BD0","C:\admirales\script_ver\script_ver\approved\[standalone]\lc_stores\nui\img\items\screwdriverset.png"
"SHA256","48B02D41E142D115105B04AA3873625A4B4D15AF7FFD1C0ECDABCC543E6BAF60","C:\admirales\script_ver\script_ver\approved\[standalone]\lc_stores\nui\img\items\shotgun_ammo.png"
"SHA256","EFE92C2CDA0B91DB697A37051ED10C365E94B5179DA98595957AB94D02E23104","C:\admirales\script_ver\script_ver\approved\[standalone]\lc_stores\nui\img\items\smg_ammo.png"
"SHA256","1A1F30FB3576ED37493C3D2E151434DA619799E46A24191C5758DBF1C55544C6","C:\admirales\script_ver\script_ver\approved\[standalone]\lc_stores\nui\img\items\snikkel_candy.png"
"SHA256","19E1DE81AFEFCCBB8CFBDC376499C8B28018FDB574A51C62B9F01F041394A87E","C:\admirales\script_ver\script_ver\approved\[standalone]\lc_stores\nui\img\items\tablet.png"
"SHA256","F86FD8087B93E7AE5CBB7F0E73DEFCA8AD96DF0141D2D740F9EDCBE908F6D62E","C:\admirales\script_ver\script_ver\approved\[standalone]\lc_stores\nui\img\items\tosti.png"
"SHA256","5EEB5ED47E638A27C862F8308AE71CBC386D48501CF4D167CBB1274DEDE3AA33","C:\admirales\script_ver\script_ver\approved\[standalone]\lc_stores\nui\img\items\twerks_candy.png"
"SHA256","7866F24E4CE86033B5EB1C7FA7BE7FF5B578F0C415D509750EB63F4D9336B340","C:\admirales\script_ver\script_ver\approved\[standalone]\lc_stores\nui\img\items\vodka.png"
"SHA256","E2C4DD73277892DD1650DCD34AE3CEC175254B95842B47755198E1DC06A64D00","C:\admirales\script_ver\script_ver\approved\[standalone]\lc_stores\nui\img\items\water_bottle.png"
"SHA256","048336CC531E88319D29B1515965205647FF5B29AAA801673EEC680A6FA16D52","C:\admirales\script_ver\script_ver\approved\[standalone]\lc_stores\nui\img\items\weapon_assaultrifle.png"
"SHA256","9CE3AAC68F30913CB8E8074EE47E6241CBA89AE6ECE6FC980A0B88D881A0767A","C:\admirales\script_ver\script_ver\approved\[standalone]\lc_stores\nui\img\items\weapon_bat.png"
"SHA256","2968CD13240C43DACEB303B24C37114054FD33A82B03590581E3313BE9DC89A4","C:\admirales\script_ver\script_ver\approved\[standalone]\lc_stores\nui\img\items\weapon_carbinerifle.png"
"SHA256","DC1AFAD50FA0B344A33943294B10FBC354A577F9BAC1605EEAFF5772415085E4","C:\admirales\script_ver\script_ver\approved\[standalone]\lc_stores\nui\img\items\weapon_crowbar.png"
"SHA256","88E41B6FF41D0748C88995CC39C705A2C3FA2958E0E2DC20792AC05A38C23E4D","C:\admirales\script_ver\script_ver\approved\[standalone]\lc_stores\nui\img\items\weapon_flare.png"
"SHA256","CF6FF2F1F31DA04C05FA9EBF6C19F9D8FDB7C2D65F4C159C8080FFF3450A19E0","C:\admirales\script_ver\script_ver\approved\[standalone]\lc_stores\nui\img\items\weapon_flaregun.png"
"SHA256","F6D5B190A9716828CAD8DF6200E77800565D28A727788C192A0558B0A9DA7E07","C:\admirales\script_ver\script_ver\approved\[standalone]\lc_stores\nui\img\items\weapon_hammer.png"
"SHA256","BC81084D4023C505783B2B00D810009960BDB70A99CA08BAFC242AAF1658B854","C:\admirales\script_ver\script_ver\approved\[standalone]\lc_stores\nui\img\items\weapon_knife.png"
"SHA256","9EFBEB37C9859C8C2B8124B40189A743C1FD8B6C6D32BDEF150F10A44AD25D95","C:\admirales\script_ver\script_ver\approved\[standalone]\lc_stores\nui\img\items\weapon_microsmg.png"
"SHA256","511D1317C883C048D9A33788102B89F3BBC80D856F3F298700BEB1C44D148826","C:\admirales\script_ver\script_ver\approved\[standalone]\lc_stores\nui\img\items\weapon_molotov.png"
"SHA256","DE28B3CA0280825D6791D2AE446C83DD69B5501586270FD6F7608458387C4006","C:\admirales\script_ver\script_ver\approved\[standalone]\lc_stores\nui\img\items\weapon_pistol.png"
"SHA256","0C5FD35165427FF2B14AD0B5C750871EB87EB2B287A086519031D223793DDF6A","C:\admirales\script_ver\script_ver\approved\[standalone]\lc_stores\nui\img\items\weapon_pumpshotgun.png"
"SHA256","7FF6C54A33CC18BB2D6FB08469E21C6C49FBB35ECD929958BF0CC64B0209CBD7","C:\admirales\script_ver\script_ver\approved\[standalone]\lc_stores\nui\img\items\weapon_smg.png"
"SHA256","C962666485D135F832985A645EB0A7CCD4F37AB0C6B728638B4104687D5390F2","C:\admirales\script_ver\script_ver\approved\[standalone]\lc_stores\nui\img\items\weapon_snspistol.png"
"SHA256","BE1B27DA785C4086243ACBB03013BA11D4D32FACC86EC82A85B127412140CBA8","C:\admirales\script_ver\script_ver\approved\[standalone]\lc_stores\nui\img\items\weapon_vintagepistol.png"
"SHA256","F1729A354A1E237AAD813FFED0967579E3A29F45D720B9B61448962102676F14","C:\admirales\script_ver\script_ver\approved\[standalone]\lc_stores\nui\img\items\weapon_wrench.png"
"SHA256","39219D0F412F14BD407B98E881546DA38CDD4620D4E49DEBFC5EC6E5290039E3","C:\admirales\script_ver\script_ver\approved\[standalone]\lc_stores\nui\img\items\whiskey.png"
"SHA256","110105365F893C9401BA1BFD19A0CEF19B2A549A7DFA7CABC3AC157C906F0738","C:\admirales\script_ver\script_ver\approved\[standalone]\lc_stores\nui\img\items\wine.png"
"SHA256","859D96420781DD02B75CF50EC7E7F74AB90E9A183CAB4AA0A73D5F3098D21AA3","C:\admirales\script_ver\script_ver\approved\[standalone]\lc_stores\nui\img\upgrades\delivery-truck.png"
"SHA256","CBED8D380928FA67EC21D85E4C9F5DC3E61995FA7D9872C43824D6BC21C9479E","C:\admirales\script_ver\script_ver\approved\[standalone]\lc_stores\nui\img\upgrades\manager.png"
"SHA256","00079E14D6C036B59CAED348DB315689E780F644D0EA94AF3E22748118893646","C:\admirales\script_ver\script_ver\approved\[standalone]\lc_stores\nui\img\upgrades\shop.png"
"SHA256","392AB446BB79581D59911C383D06CE1973AE1D4466A976118E4FACC3FBD41E92","C:\admirales\script_ver\script_ver\approved\[standalone]\lc_stores\nui\lang\br.js"
"SHA256","B766ACD52A28FDD5134A7A389481807B0060A22BCE782C75A91686377A028146","C:\admirales\script_ver\script_ver\approved\[standalone]\lc_stores\nui\lang\de.js"
"SHA256","DE2BA2DF3DF5B83F625CCEF3B968F14E7E16D58595B9BA4D651B72881F985A15","C:\admirales\script_ver\script_ver\approved\[standalone]\lc_stores\nui\lang\en.js"
